{
  "image_size": {
    "w": 960,
    "h": 470
  },
  "line1": {
    "abc": [
      0.9929050207128132,
      0.1189102604984048,
      -745.5432297291085
    ],
    "p1": [
      750.8706413770352,
      0.0
    ],
    "p2": [
      694.7032225299486,
      469.0
    ],
    "inliers": 1457,
    "centroid": [
      721.7474365234375,
      243.17982482910156
    ]
  },
  "line2": {
    "abc": [
      0.9940382242192818,
      -0.10903225839127127,
      -234.9775527496878
    ],
    "p1": [
      236.3868380758087,
      0.0
    ],
    "p2": [
      287.82965781814664,
      469.0
    ],
    "inliers": 1127,
    "centroid": [
      263.03814697265625,
      242.97781372070312
    ]
  }
}