{
  "image_size": {
    "w": 960,
    "h": 470
  },
  "line1": {
    "abc": [
      0.9923550486554712,
      0.12341585010277803,
      -747.884387810545
    ],
    "p1": [
      753.6459746174958,
      0.0
    ],
    "p2": [
      695.3180265946319,
      469.0
    ],
    "inliers": 1665,
    "centroid": [
      722.2042236328125,
      252.8150177001953
    ]
  },
  "line2": {
    "abc": [
      -0.9967972040166423,
      0.07997085154048551,
      246.05534176448685
    ],
    "p1": [
      246.84593894625206,
      0.0
    ],
    "p2": [
      284.4727794122507,
      469.0
    ],
    "inliers": 872,
    "centroid": [
      269.8130798339844,
      286.2740783691406
    ]
  }
}