{
  "image_size": {
    "w": 960,
    "h": 470
  },
  "line1": {
    "abc": [
      0.9923431277265161,
      0.12351141870009467,
      -747.4882088354912
    ],
    "p1": [
      753.2557922258262,
      0.0
    ],
    "p2": [
      694.881976000529,
      469.0
    ],
    "inliers": 1526,
    "centroid": [
      722.1048583984375,
      250.27981567382812
    ]
  },
  "line2": {
    "abc": [
      0.9949914216985288,
      -0.09996045380820767,
      -236.3249697224323
    ],
    "p1": [
      237.514580094577,
      0.0
    ],
    "p2": [
      284.63202433949226,
      469.0
    ],
    "inliers": 683,
    "centroid": [
      249.67788696289062,
      121.07173919677734
    ]
  }
}