{
  "image_size": {
    "w": 960,
    "h": 470
  },
  "line1": {
    "abc": [
      0.9926659464826193,
      0.12088946253049204,
      -746.4825119217043
    ],
    "p1": [
      751.9977033228212,
      0.0
    ],
    "p2": [
      694.881653227923,
      469.0
    ],
    "inliers": 1605,
    "centroid": [
      720.5220947265625,
      258.4573059082031
    ]
  },
  "line2": {
    "abc": [
      0.9970632791509193,
      -0.07658245414487809,
      -238.74864043899936
    ],
    "p1": [
      239.45184366062833,
      0.0
    ],
    "p2": [
      275.47480403334833,
      469.0
    ],
    "inliers": 771,
    "centroid": [
      249.23345947265625,
      127.35149383544922
    ]
  }
}