{
  "image_size": {
    "w": 960,
    "h": 470
  },
  "line1": {
    "abc": [
      0.9926576018323507,
      0.12095810472953143,
      -746.707662370797
    ],
    "p1": [
      752.2308407173292,
      0.0
    ],
    "p2": [
      695.0818791686206,
      469.0
    ],
    "inliers": 1482,
    "centroid": [
      721.7098388671875,
      250.474365234375
    ]
  },
  "line2": {
    "abc": [
      -0.9971688389768165,
      0.07519488036625017,
      248.92808404313092
    ],
    "p1": [
      249.63484047350815,
      0.0
    ],
    "p2": [
      285.0013676986847,
      469.0
    ],
    "inliers": 923,
    "centroid": [
      267.5893859863281,
      238.09750366210938
    ]
  }
}