{
  "image_size": {
    "w": 960,
    "h": 470
  },
  "line1": {
    "abc": [
      0.9925450086583701,
      0.12187866121518344,
      -746.8907002847097
    ],
    "p1": [
      752.5005856351914,
      0.0
    ],
    "p2": [
      694.9101573812768,
      469.0
    ],
    "inliers": 1546,
    "centroid": [
      722.2024536132812,
      246.7393341064453
    ]
  },
  "line2": {
    "abc": [
      -0.9969706535329385,
      0.07777870446435779,
      250.9969857837409
    ],
    "p1": [
      251.75965299910237,
      0.0
    ],
    "p2": [
      288.3487063122736,
      469.0
    ],
    "inliers": 1416,
    "centroid": [
      272.15606689453125,
      261.44207763671875
    ]
  }
}