{
  "image_size": {
    "w": 1920,
    "h": 1080
  },
  "line1": {
    "abc": [
      0.9925214052190391,
      -0.12207052111613463,
      -1340.314674896352
    ],
    "p1": [
      1350.4138730394018,
      0.0
    ],
    "p2": [
      1483.1204238419423,
      1079.0
    ],
    "inliers": 3323,
    "centroid": [
      1422.7149658203125,
      587.8600463867188
    ]
  },
  "line2": {
    "abc": [
      0.9980429410924467,
      0.06253197789185946,
      -739.0147019954578
    ],
    "p1": [
      740.4638333362095,
      0.0
    ],
    "p2": [
      672.8595235742845,
      1079.0
    ],
    "inliers": 2950,
    "centroid": [
      707.4067993164062,
      527.6074829101562
    ]
  }
}