{
  "image_size": {
    "w": 1920,
    "h": 1080
  },
  "line1": {
    "abc": [
      0.9991778731336137,
      0.04054062440987347,
      -1411.8950741384306
    ],
    "p1": [
      1413.0567860860012,
      0.0
    ],
    "p2": [
      1369.2774601877345,
      1079.0
    ],
    "inliers": 3194,
    "centroid": [
      1390.2576904296875,
      561.9141845703125
    ]
  },
  "line2": {
    "abc": [
      0.9999999999989999,
      0.00012291016173536704,
      -612.0105905446363
    ],
    "p1": [
      612.0105905452484,
      0.0
    ],
    "p2": [
      611.8779704807358,
      1079.0
    ],
    "inliers": 2864,
    "centroid": [
      611.950439453125,
      489.3907165527344
    ]
  }
}