{
  "image_size": {
    "w": 1920,
    "h": 1080
  },
  "line1": {
    "abc": [
      0.9990362524976276,
      0.04389269277449033,
      -1414.8893992023256
    ],
    "p1": [
      1416.2543107570418,
      0.0
    ],
    "p2": [
      1368.8484079329223,
      1079.0
    ],
    "inliers": 3397,
    "centroid": [
      1392.6494140625,
      537.2681884765625
    ]
  },
  "line2": {
    "abc": [
      0.9999999999989999,
      5.518578836921671e-05,
      -611.0225451515145
    ],
    "p1": [
      611.0225451521255,
      0.0
    ],
    "p2": [
      610.9629996864752,
      1079.0
    ],
    "inliers": 3298,
    "centroid": [
      610.9933471679688,
      529.085205078125
    ]
  }
}