{
  "image_size": {
    "w": 1920,
    "h": 1080
  },
  "line1": {
    "abc": [
      0.9997957944859996,
      -0.020208170637468156,
      -1373.4813902146911
    ],
    "p1": [
      1373.7619199736735,
      0.0
    ],
    "p2": [
      1395.5709896237793,
      1079.0
    ],
    "inliers": 3014,
    "centroid": [
      1384.6151123046875,
      536.9598388671875
    ]
  },
  "line2": {
    "abc": [
      -0.9990457296361469,
      0.04367597401137752,
      543.3014382811458
    ],
    "p1": [
      543.8203899625461,
      0.0
    ],
    "p2": [
      590.9917801805292,
      1079.0
    ],
    "inliers": 2447,
    "centroid": [
      565.8851928710938,
      504.7110595703125
    ]
  }
}