{
  "image_size": {
    "w": 1920,
    "h": 1080
  },
  "line1": {
    "abc": [
      -0.9998321533193126,
      0.018321940675359524,
      1376.9386135794728
    ],
    "p1": [
      1377.1697669535988,
      0.0
    ],
    "p2": [
      1396.9424597231614,
      1079.0
    ],
    "inliers": 3419,
    "centroid": [
      1386.6920166015625,
      519.6311645507812
    ]
  },
  "line2": {
    "abc": [
      -0.9989634752263569,
      0.045519214123441946,
      541.9649233962068
    ],
    "p1": [
      542.5272663481536,
      0.0
    ],
    "p2": [
      591.6934603654721,
      1079.0
    ],
    "inliers": 2439,
    "centroid": [
      565.3505249023438,
      500.8786315917969
    ]
  }
}