{
  "image_size": {
    "w": 1920,
    "h": 1080
  },
  "line1": {
    "abc": [
      0.9991056323041461,
      0.0422838330268437,
      -1415.194957827465
    ],
    "p1": [
      1416.4617954997714,
      0.0
    ],
    "p2": [
      1370.796698276022,
      1079.0
    ],
    "inliers": 3387,
    "centroid": [
      1394.219970703125,
      525.5420532226562
    ]
  },
  "line2": {
    "abc": [
      0.9999991059293283,
      0.0013225224101902728,
      -613.2872586007985
    ],
    "p1": [
      613.28780692344,
      0.0
    ],
    "p2": [
      611.8608039670032,
      1079.0
    ],
    "inliers": 1878,
    "centroid": [
      612.6112670898438,
      511.55218505859375
    ]
  }
}