{
  "image_size": {
    "w": 1920,
    "h": 1080
  },
  "line1": {
    "abc": [
      0.9999114871015086,
      -0.013306742534028098,
      -570.6243555016964
    ],
    "p1": [
      570.6748675883229,
      0.0
    ],
    "p2": [
      585.0341137610382,
      1079.0
    ],
    "inliers": 2680,
    "centroid": [
      578.8377075195312,
      613.382080078125
    ]
  },
  "line2": {
    "abc": [
      -0.9991837143888017,
      0.040396597236354484,
      1341.3774297017062
    ],
    "p1": [
      1342.4732713165001,
      0.0
    ],
    "p2": [
      1386.0968090006477,
      1079.0
    ],
    "inliers": 2615,
    "centroid": [
      1361.58203125,
      472.642822265625
    ]
  }
}