{
  "image_size": {
    "w": 1920,
    "h": 1080
  },
  "line1": {
    "abc": [
      -0.9991496205319903,
      0.041232023388106116,
      1340.0435692835886
    ],
    "p1": [
      1341.184084692032,
      0.0
    ],
    "p2": [
      1385.7113029599811,
      1079.0
    ],
    "inliers": 2774,
    "centroid": [
      1360.3211669921875,
      463.7368469238281
    ]
  },
  "line2": {
    "abc": [
      0.9999359250058665,
      -0.011320005170989637,
      -569.0771741744235
    ],
    "p1": [
      569.113640127576,
      0.0
    ],
    "p2": [
      581.3287083875009,
      1079.0
    ],
    "inliers": 2763,
    "centroid": [
      576.2507934570312,
      630.4498901367188
    ]
  }
}