{
  "image_size": {
    "w": 1920,
    "h": 1080
  },
  "line1": {
    "abc": [
      -0.9998651742925181,
      0.01641975902019289,
      1375.2372951517127
    ],
    "p1": [
      1375.4227374953823,
      0.0
    ],
    "p2": [
      1393.1420464965424,
      1079.0
    ],
    "inliers": 3329,
    "centroid": [
      1383.985595703125,
      521.4268798828125
    ]
  },
  "line2": {
    "abc": [
      -0.9988411068906331,
      0.04812886938447907,
      540.0987106037568
    ],
    "p1": [
      540.7253534899763,
      0.0
    ],
    "p2": [
      592.71665591796,
      1079.0
    ],
    "inliers": 2711,
    "centroid": [
      564.5983276367188,
      495.44708251953125
    ]
  }
}