{
  "image_size": {
    "w": 1920,
    "h": 1080
  },
  "line1": {
    "abc": [
      0.9922976493825525,
      -0.12387624382960329,
      -1338.1937722779371
    ],
    "p1": [
      1348.5810160999727,
      0.0
    ],
    "p2": [
      1483.2809896162983,
      1079.0
    ],
    "inliers": 3200,
    "centroid": [
      1421.323486328125,
      582.6959228515625
    ]
  },
  "line2": {
    "abc": [
      0.9979987144460234,
      0.06323421746486062,
      -739.0971694092912
    ],
    "p1": [
      740.5792800239775,
      0.0
    ],
    "p2": [
      672.2127384072801,
      1079.0
    ],
    "inliers": 3090,
    "centroid": [
      709.52587890625,
      490.10260009765625
    ]
  }
}