{
  "image_size": {
    "w": 1920,
    "h": 1080
  },
  "line1": {
    "abc": [
      0.9927501678456868,
      -0.12019609659898181,
      -1342.0992985392202
    ],
    "p1": [
      1351.9003491599874,
      0.0
    ],
    "p2": [
      1482.5390460153483,
      1079.0
    ],
    "inliers": 3391,
    "centroid": [
      1419.9185791015625,
      561.7911987304688
    ]
  },
  "line2": {
    "abc": [
      0.9978308081616913,
      0.06583042442792031,
      -739.380262172187
    ],
    "p1": [
      740.9876064403653,
      0.0
    ],
    "p2": [
      669.8021636010259,
      1079.0
    ],
    "inliers": 2704,
    "centroid": [
      706.4471435546875,
      523.55029296875
    ]
  }
}