{
  "image_size": {
    "w": 1920,
    "h": 1080
  },
  "line1": {
    "abc": [
      -0.9991957545270463,
      0.04009760171170993,
      1339.566922050611
    ],
    "p1": [
      1340.645129827112,
      0.0
    ],
    "p2": [
      1383.9452660125523,
      1079.0
    ],
    "inliers": 2855,
    "centroid": [
      1359.3912353515625,
      467.1358947753906
    ]
  },
  "line2": {
    "abc": [
      0.9999322891225352,
      -0.011639283038664145,
      -571.0283402967613
    ],
    "p1": [
      571.0670077449469,
      0.0
    ],
    "p2": [
      583.6266445676955,
      1079.0
    ],
    "inliers": 2540,
    "centroid": [
      578.5499877929688,
      642.86376953125
    ]
  }
}