{
  "image_size": {
    "w": 349,
    "h": 557
  },
  "line1": {
    "abc": [
      0.9997329711904064,
      -0.023108668625331657,
      -302.3539409287596
    ],
    "p1": [
      302.43469970660203,
      0.0
    ],
    "p2": [
      315.28655127691235,
      556.0
    ],
    "inliers": 1321,
    "centroid": [
      308.8069763183594,
      275.67901611328125
    ]
  },
  "line2": {
    "abc": [
      0.9999940395345224,
      -0.0034453622065450068,
      -14.499977467001353
    ],
    "p1": [
      14.500063894131618,
      0.0
    ],
    "p2": [
      16.41569669903384,
      556.0
    ],
    "inliers": 1319,
    "centroid": [
      15.48521614074707,
      285.9340515136719
    ]
  }
}