{
  "image_size": {
    "w": 985,
    "h": 550
  },
  "line1": {
    "abc": [
      0.9997242689122692,
      -0.02348260954020059,
      -678.3793527232077
    ],
    "p1": [
      678.5664545898294,
      0.0
    ],
    "p2": [
      691.4619629199383,
      549.0
    ],
    "inliers": 1493,
    "centroid": [
      685.2913818359375,
      286.3000793457031
    ]
  },
  "line2": {
    "abc": [
      0.999980866908027,
      -0.006186136510216963,
      -391.76113954579364
    ],
    "p1": [
      391.7686352911248,
      0.0
    ],
    "p2": [
      395.1648892160726,
      549.0
    ],
    "inliers": 1142,
    "centroid": [
      393.79510498046875,
      327.576171875
    ]
  }
}