{
  "image_size": {
    "w": 607,
    "h": 558
  },
  "line1": {
    "abc": [
      0.9999997615804208,
      -0.0006898859865025237,
      -163.870530523402
    ],
    "p1": [
      163.87056959335425,
      0.0
    ],
    "p2": [
      164.25483617945284,
      557.0
    ],
    "inliers": 1448,
    "centroid": [
      164.06698608398438,
      284.70855712890625
    ]
  },
  "line2": {
    "abc": [
      0.9997615218152538,
      -0.021837733685948466,
      -451.98734458775016
    ],
    "p1": [
      452.09515942070135,
      0.0
    ],
    "p2": [
      464.26167853316724,
      557.0
    ],
    "inliers": 1397,
    "centroid": [
      458.3314208984375,
      285.504638671875
    ]
  }
}