{
  "image_size": {
    "w": 1920,
    "h": 1080
  },
  "line1": {
    "abc": [
      0.9993026852597733,
      0.03733807429667554,
      -1409.2355351340243
    ],
    "p1": [
      1410.218901561029,
      0.0
    ],
    "p2": [
      1369.9030065270435,
      1079.0
    ],
    "inliers": 3315,
    "centroid": [
      1389.861572265625,
      544.836181640625
    ]
  },
  "line2": {
    "abc": [
      0.9999949932088388,
      0.0031558377668229965,
      -609.3333540119457
    ],
    "p1": [
      609.3364048320717,
      0.0
    ],
    "p2": [
      605.9312388327146,
      1079.0
    ],
    "inliers": 2274,
    "centroid": [
      607.3777465820312,
      620.6429443359375
    ]
  }
}