{
  "image_size": {
    "w": 1920,
    "h": 1080
  },
  "line1": {
    "abc": [
      0.9995144009580152,
      0.031160583719580005,
      -1386.0084629223402
    ],
    "p1": [
      1386.6818342926103,
      0.0
    ],
    "p2": [
      1353.043229584964,
      1079.0
    ],
    "inliers": 3519,
    "centroid": [
      1369.8170166015625,
      540.9599609375
    ]
  },
  "line2": {
    "abc": [
      0.9999982118596566,
      0.0018849904881771428,
      -599.6114792908596
    ],
    "p1": [
      599.6125514822533,
      0.0
    ],
    "p2": [
      597.5786431085966,
      1079.0
    ],
    "inliers": 2572,
    "centroid": [
      598.5598754882812,
      558.4506225585938
    ]
  }
}