{
  "image_size": {
    "w": 1920,
    "h": 1080
  },
  "line1": {
    "abc": [
      0.9994745850553054,
      0.03241141512986757,
      -1380.7688382656374
    ],
    "p1": [
      1381.4946962250503,
      0.0
    ],
    "p2": [
      1346.5043948726734,
      1079.0
    ],
    "inliers": 4053,
    "centroid": [
      1363.785888671875,
      546.0885620117188
    ]
  },
  "line2": {
    "abc": [
      0.9999999999989999,
      -4.9813283112548764e-05,
      -594.0055774599782
    ],
    "p1": [
      594.0055774605722,
      0.0
    ],
    "p2": [
      594.0593259930508,
      1079.0
    ],
    "inliers": 2641,
    "centroid": [
      594.0333251953125,
      557.0348510742188
    ]
  }
}