{
  "image_size": {
    "w": 1920,
    "h": 1080
  },
  "line1": {
    "abc": [
      0.9999986886968149,
      -0.0016363392351178851,
      -603.7556556429389
    ],
    "p1": [
      603.7564473506914,
      0.0
    ],
    "p2": [
      605.5220597006366,
      1079.0
    ],
    "inliers": 3232,
    "centroid": [
      604.6488037109375,
      545.3363037109375
    ]
  },
  "line2": {
    "abc": [
      0.9996283054341809,
      0.02726351469752446,
      -1386.4636542803682
    ],
    "p1": [
      1386.9791869070457,
      0.0
    ],
    "p2": [
      1357.550916220121,
      1079.0
    ],
    "inliers": 3159,
    "centroid": [
      1372.141845703125,
      544.0173950195312
    ]
  }
}