{
  "image_size": {
    "w": 1920,
    "h": 1080
  },
  "line1": {
    "abc": [
      0.9996357560147778,
      0.026987001299831104,
      -1376.1464917696965
    ],
    "p1": [
      1376.647927497056,
      0.0
    ],
    "p2": [
      1347.518342818527,
      1079.0
    ],
    "inliers": 4069,
    "centroid": [
      1362.5716552734375,
      521.404541015625
    ]
  },
  "line2": {
    "abc": [
      0.9999840259542001,
      -0.005652272608125518,
      -588.322201893997
    ],
    "p1": [
      588.3315999299198,
      0.0
    ],
    "p2": [
      594.4304994981882,
      1079.0
    ],
    "inliers": 2671,
    "centroid": [
      591.1714477539062,
      502.4178161621094
    ]
  }
}