{
  "image_size": {
    "w": 1920,
    "h": 1080
  },
  "line1": {
    "abc": [
      0.999022364615395,
      0.04420813173051227,
      -1412.670618264037
    ],
    "p1": [
      1414.053046558061,
      0.0
    ],
    "p2": [
      1366.305793016258,
      1079.0
    ],
    "inliers": 3440,
    "centroid": [
      1391.4232177734375,
      511.3924560546875
    ]
  },
  "line2": {
    "abc": [
      0.9999999403943551,
      0.00025132476002884106,
      -608.0497421196804
    ],
    "p1": [
      608.0497783628796,
      0.0
    ],
    "p2": [
      607.7785989306446,
      1079.0
    ],
    "inliers": 2510,
    "centroid": [
      607.9143676757812,
      538.7876586914062
    ]
  }
}