{
  "image_size": {
    "w": 1920,
    "h": 1080
  },
  "line1": {
    "abc": [
      0.9994990229596633,
      0.031649511307446296,
      -1381.2406494852946
    ],
    "p1": [
      1381.9329661726315,
      0.0
    ],
    "p2": [
      1347.7660266196422,
      1079.0
    ],
    "inliers": 3840,
    "centroid": [
      1364.6484375,
      545.8494873046875
    ]
  },
  "line2": {
    "abc": [
      0.9999999999989999,
      -0.00013146406854489708,
      -594.9168532867324
    ],
    "p1": [
      594.9168532873273,
      0.0
    ],
    "p2": [
      595.0587030172875,
      1079.0
    ],
    "inliers": 2539,
    "centroid": [
      594.9810791015625,
      488.542724609375
    ]
  }
}