{
  "image_size": {
    "w": 1920,
    "h": 1080
  },
  "line1": {
    "abc": [
      0.9995523691167372,
      0.029916945844858767,
      -1380.6901848248235
    ],
    "p1": [
      1381.3085011692604,
      0.0
    ],
    "p2": [
      1349.0136604345748,
      1079.0
    ],
    "inliers": 4003,
    "centroid": [
      1364.8798828125,
      548.8950805664062
    ]
  },
  "line2": {
    "abc": [
      0.9999945759763254,
      -0.003297206945714037,
      -590.3036559110968
    ],
    "p1": [
      590.3068577494686,
      0.0
    ],
    "p2": [
      593.8645633409734,
      1079.0
    ],
    "inliers": 2366,
    "centroid": [
      592.1394653320312,
      555.8030395507812
    ]
  }
}