{
  "image_size": {
    "w": 1920,
    "h": 1080
  },
  "line1": {
    "abc": [
      0.9994670152654189,
      0.032645128667321936,
      -1392.07296830898
    ],
    "p1": [
      1392.8153176113576,
      0.0
    ],
    "p2": [
      1357.572439863475,
      1079.0
    ],
    "inliers": 3878,
    "centroid": [
      1374.8961181640625,
      548.6162719726562
    ]
  },
  "line2": {
    "abc": [
      0.9999948143949045,
      0.0032234594691512536,
      -604.2406643328287
    ],
    "p1": [
      604.2437977025451,
      0.0
    ],
    "p2": [
      600.7656668991181,
      1079.0
    ],
    "inliers": 2259,
    "centroid": [
      602.5732421875,
      518.24658203125
    ]
  }
}