{
  "image_size": {
    "w": 1920,
    "h": 1080
  },
  "line1": {
    "abc": [
      0.9993382096280594,
      0.0363750569522017,
      -1404.1334498222175
    ],
    "p1": [
      1405.0633071908835,
      0.0
    ],
    "p2": [
      1365.78862913566,
      1079.0
    ],
    "inliers": 3336,
    "centroid": [
      1385.85546875,
      527.7002563476562
    ]
  },
  "line2": {
    "abc": [
      0.9999982118596566,
      -0.001876940601503462,
      -602.3012903746352
    ],
    "p1": [
      602.3023673757972,
      0.0
    ],
    "p2": [
      604.3275899062015,
      1079.0
    ],
    "inliers": 2671,
    "centroid": [
      603.3815307617188,
      574.9577026367188
    ]
  }
}