{
  "image_size": {
    "w": 1920,
    "h": 1080
  },
  "line1": {
    "abc": [
      0.9993280172338028,
      0.036654558032714425,
      -1407.373147900295
    ],
    "p1": [
      1408.3195143432329,
      0.0
    ],
    "p2": [
      1368.7426512559991,
      1079.0
    ],
    "inliers": 3514,
    "centroid": [
      1388.49169921875,
      540.57373046875
    ]
  },
  "line2": {
    "abc": [
      0.9999975562085641,
      -0.0021989156957693758,
      -603.8245427822212
    ],
    "p1": [
      603.8260184070738,
      0.0
    ],
    "p2": [
      606.198654241036,
      1079.0
    ],
    "inliers": 2662,
    "centroid": [
      605.0777587890625,
      569.2520751953125
    ]
  }
}