{
  "image_size": {
    "w": 1920,
    "h": 1080
  },
  "line1": {
    "abc": [
      0.9996596574773328,
      0.026088090613458292,
      -1378.1355847435427
    ],
    "p1": [
      1378.6047825730047,
      0.0
    ],
    "p2": [
      1350.4461492207733,
      1079.0
    ],
    "inliers": 4104,
    "centroid": [
      1364.7884521484375,
      529.4227294921875
    ]
  },
  "line2": {
    "abc": [
      0.9999839663495553,
      -0.005666363984340723,
      -591.3080939084316
    ],
    "p1": [
      591.3175748877292,
      0.0
    ],
    "p2": [
      597.4316796582515,
      1079.0
    ],
    "inliers": 2606,
    "centroid": [
      594.3902587890625,
      542.2586059570312
    ]
  }
}