{
  "image_size": {
    "w": 1920,
    "h": 1080
  },
  "line1": {
    "abc": [
      0.999078571795418,
      0.04291867092247485,
      -1412.8725134635256
    ],
    "p1": [
      1414.1755747243076,
      0.0
    ],
    "p2": [
      1367.8236187994305,
      1079.0
    ],
    "inliers": 3308,
    "centroid": [
      1390.422607421875,
      552.931396484375
    ]
  },
  "line2": {
    "abc": [
      0.9999984502782358,
      0.0017646068008598918,
      -606.7539645008986
    ],
    "p1": [
      606.7549048021801,
      0.0
    ],
    "p2": [
      604.850891113361,
      1079.0
    ],
    "inliers": 2619,
    "centroid": [
      605.7892456054688,
      547.2367553710938
    ]
  }
}