{
  "image_size": {
    "w": 1920,
    "h": 1080
  },
  "line1": {
    "abc": [
      0.9993115663518448,
      0.03709907084699735,
      -1405.00689255127
    ],
    "p1": [
      1405.9748129209436,
      0.0
    ],
    "p2": [
      1365.9173385638258,
      1079.0
    ],
    "inliers": 3658,
    "centroid": [
      1386.422607421875,
      526.6640014648438
    ]
  },
  "line2": {
    "abc": [
      0.9999999999989999,
      -0.00010240021219932478,
      -603.9971633126017
    ],
    "p1": [
      603.9971633132058,
      0.0
    ],
    "p2": [
      604.1076531421689,
      1079.0
    ],
    "inliers": 2496,
    "centroid": [
      604.0545043945312,
      559.9703369140625
    ]
  }
}