{
  "image_size": {
    "w": 1920,
    "h": 1080
  },
  "line1": {
    "abc": [
      0.9994860291471023,
      0.03205750882622374,
      -1390.6353794001034
    ],
    "p1": [
      1391.35049299967,
      0.0
    ],
    "p2": [
      1356.7426535554184,
      1079.0
    ],
    "inliers": 4000,
    "centroid": [
      1374.176513671875,
      535.44873046875
    ]
  },
  "line2": {
    "abc": [
      0.9999825358380807,
      0.005913991946721123,
      -604.0113247471086
    ],
    "p1": [
      604.0218734829099,
      0.0
    ],
    "p2": [
      597.6405647281885,
      1079.0
    ],
    "inliers": 2291,
    "centroid": [
      600.6857299804688,
      564.1004028320312
    ]
  }
}