{
  "image_size": {
    "w": 1920,
    "h": 1080
  },
  "line1": {
    "abc": [
      0.9995267987241285,
      0.030760565772621862,
      -1386.858489467614
    ],
    "p1": [
      1387.5150633658895,
      0.0
    ],
    "p2": [
      1354.308699603531,
      1079.0
    ],
    "inliers": 3314,
    "centroid": [
      1370.5625,
      550.8527221679688
    ]
  },
  "line2": {
    "abc": [
      0.9999896883954538,
      0.004543680232013688,
      -604.9072107527545
    ],
    "p1": [
      604.913448381019,
      0.0
    ],
    "p2": [
      600.0107668561631,
      1079.0
    ],
    "inliers": 2278,
    "centroid": [
      602.680419921875,
      491.4530334472656
    ]
  }
}