{
  "image_size": {
    "w": 1920,
    "h": 1080
  },
  "line1": {
    "abc": [
      0.9993973374356765,
      0.03471315652128563,
      -1408.8209869872023
    ],
    "p1": [
      1409.6705426512879,
      0.0
    ],
    "p2": [
      1372.192460127501,
      1079.0
    ],
    "inliers": 3409,
    "centroid": [
      1390.155517578125,
      561.8406982421875
    ]
  },
  "line2": {
    "abc": [
      0.9999961256970895,
      -0.0027928135823430504,
      -602.0879106156801
    ],
    "p1": [
      602.0902432956622,
      0.0
    ],
    "p2": [
      605.1037008260574,
      1079.0
    ],
    "inliers": 2665,
    "centroid": [
      603.6937866210938,
      574.1654663085938
    ]
  }
}