{
  "image_size": {
    "w": 1920,
    "h": 1080
  },
  "line1": {
    "abc": [
      0.9991323947896502,
      0.041646510362583475,
      -1413.5060516106528
    ],
    "p1": [
      1414.733481750676,
      0.0
    ],
    "p2": [
      1369.7578759995602,
      1079.0
    ],
    "inliers": 3230,
    "centroid": [
      1392.087646484375,
      543.2913208007812
    ]
  },
  "line2": {
    "abc": [
      0.9999972581853402,
      0.0023292987607396198,
      -608.3839725195071
    ],
    "p1": [
      608.3856406001753,
      0.0
    ],
    "p2": [
      605.8723203462789,
      1079.0
    ],
    "inliers": 2241,
    "centroid": [
      607.0424194335938,
      576.6617431640625
    ]
  }
}