{
  "image_size": {
    "w": 1920,
    "h": 1080
  },
  "line1": {
    "abc": [
      0.9994975328435439,
      0.03169618919488598,
      -1382.1543072073077
    ],
    "p1": [
      1382.849143484242,
      0.0
    ],
    "p2": [
      1348.631762232701,
      1079.0
    ],
    "inliers": 4177,
    "centroid": [
      1365.344970703125,
      551.9710083007812
    ]
  },
  "line2": {
    "abc": [
      0.9999999999989999,
      0.00012614228762673638,
      -595.0415571291936
    ],
    "p1": [
      595.0415571297888,
      0.0
    ],
    "p2": [
      594.9054496014393,
      1079.0
    ],
    "inliers": 3047,
    "centroid": [
      594.9783325195312,
      501.21661376953125
    ]
  }
}