{
  "image_size": {
    "w": 1920,
    "h": 1080
  },
  "line1": {
    "abc": [
      0.9994519352902907,
      0.03310399875041512,
      -1399.7708777871835
    ],
    "p1": [
      1400.5384634936147,
      0.0
    ],
    "p2": [
      1364.7996616658677,
      1079.0
    ],
    "inliers": 3568,
    "centroid": [
      1382.9459228515625,
      531.1412353515625
    ]
  },
  "line2": {
    "abc": [
      0.9999989867200387,
      -0.0014108531177029805,
      -602.7303977281564
    ],
    "p1": [
      602.7310084634094,
      0.0
    ],
    "p2": [
      604.2533205199392,
      1079.0
    ],
    "inliers": 3135,
    "centroid": [
      603.5725708007812,
      596.4912109375
    ]
  }
}