{
  "image_size": {
    "w": 1920,
    "h": 1080
  },
  "line1": {
    "abc": [
      0.9995007514943617,
      0.031595323234764924,
      -1387.90284632154
    ],
    "p1": [
      1388.5961008498246,
      0.0
    ],
    "p2": [
      1354.4877185206055,
      1079.0
    ],
    "inliers": 3633,
    "centroid": [
      1371.7550048828125,
      532.7588500976562
    ]
  },
  "line2": {
    "abc": [
      0.9999990463246835,
      0.001364119700154788,
      -601.1055676318791
    ],
    "p1": [
      601.1061408919683,
      0.0
    ],
    "p2": [
      599.6342543317994,
      1079.0
    ],
    "inliers": 2012,
    "centroid": [
      600.374267578125,
      536.5164184570312
    ]
  }
}