{
  "image_size": {
    "w": 1920,
    "h": 1080
  },
  "line1": {
    "abc": [
      0.9994211196889419,
      0.034021344035829855,
      -1393.6260707355502
    ],
    "p1": [
      1394.4332807068356,
      0.0
    ],
    "p2": [
      1357.702988048936,
      1079.0
    ],
    "inliers": 4027,
    "centroid": [
      1375.7606201171875,
      548.5336303710938
    ]
  },
  "line2": {
    "abc": [
      0.9999833703031076,
      0.0057626385241689275,
      -605.7043074094439
    ],
    "p1": [
      605.7143802559909,
      0.0
    ],
    "p2": [
      599.4963898851175,
      1079.0
    ],
    "inliers": 2642,
    "centroid": [
      602.6343383789062,
      534.4757690429688
    ]
  }
}