{
  "image_size": {
    "w": 1920,
    "h": 1080
  },
  "line1": {
    "abc": [
      0.9990593194951556,
      0.043364141136364484,
      -1412.9757257391134
    ],
    "p1": [
      1414.3061359490825,
      0.0
    ],
    "p2": [
      1367.4721718659678,
      1079.0
    ],
    "inliers": 3086,
    "centroid": [
      1390.052490234375,
      558.7757568359375
    ]
  },
  "line2": {
    "abc": [
      0.9999941587438119,
      0.0034131456632132966,
      -607.5950770656455
    ],
    "p1": [
      607.5986262048806,
      0.0
    ],
    "p2": [
      603.915820522062,
      1079.0
    ],
    "inliers": 3018,
    "centroid": [
      605.7614135742188,
      538.2723388671875
    ]
  }
}