{
  "image_size": {
    "w": 1920,
    "h": 1080
  },
  "line1": {
    "abc": [
      0.9995531439771193,
      0.029892595484822895,
      -1391.055236975677
    ],
    "p1": [
      1391.6771162769905,
      0.0
    ],
    "p2": [
      1359.4085863619248,
      1079.0
    ],
    "inliers": 3131,
    "centroid": [
      1375.675537109375,
      535.063232421875
    ]
  },
  "line2": {
    "abc": [
      0.9999999403943551,
      -0.00026157274260159497,
      -604.7941302275855
    ],
    "p1": [
      604.7941662767317,
      0.0
    ],
    "p2": [
      605.0764032828218,
      1079.0
    ],
    "inliers": 3024,
    "centroid": [
      604.9404907226562,
      559.4024658203125
    ]
  }
}