{
  "image_size": {
    "w": 1920,
    "h": 1080
  },
  "line1": {
    "abc": [
      0.9995682835568922,
      0.029381671920389357,
      -1382.8387897808761
    ],
    "p1": [
      1383.4360418681385,
      0.0
    ],
    "p2": [
      1351.7195253243283,
      1079.0
    ],
    "inliers": 4008,
    "centroid": [
      1367.3831787109375,
      546.1204833984375
    ]
  },
  "line2": {
    "abc": [
      0.9999969601621164,
      -0.0024694919120495655,
      -592.8390910486527
    ],
    "p1": [
      592.8408931888588,
      0.0
    ],
    "p2": [
      595.5054830618815,
      1079.0
    ],
    "inliers": 2887,
    "centroid": [
      594.0997314453125,
      509.7544250488281
    ]
  }
}