{
  "image_size": {
    "w": 1920,
    "h": 1080
  },
  "line1": {
    "abc": [
      0.9994966983785171,
      0.031723555177418455,
      -1388.8083719471294
    ],
    "p1": [
      1389.507713432363,
      0.0
    ],
    "p2": [
      1355.2607608491626,
      1079.0
    ],
    "inliers": 3620,
    "centroid": [
      1373.067626953125,
      517.9688110351562
    ]
  },
  "line2": {
    "abc": [
      0.9999976158132089,
      0.0021809698082484847,
      -603.2451768027972
    ],
    "p1": [
      603.2466150554086,
      0.0
    ],
    "p2": [
      600.8933430216684,
      1079.0
    ],
    "inliers": 1974,
    "centroid": [
      602.1570434570312,
      499.5800476074219
    ]
  }
}