{
  "image_size": {
    "w": 1920,
    "h": 1080
  },
  "line1": {
    "abc": [
      0.9995517134656446,
      0.029938621446460346,
      -1389.958294221012
    ],
    "p1": [
      1390.5816732600558,
      0.0
    ],
    "p2": [
      1358.2634128783823,
      1079.0
    ],
    "inliers": 3416,
    "centroid": [
      1374.6015625,
      533.5231323242188
    ]
  },
  "line2": {
    "abc": [
      0.999997854231788,
      -0.002072571543974592,
      -596.9784826136059
    ],
    "p1": [
      596.9797635938058,
      0.0
    ],
    "p2": [
      599.2160730883562,
      1079.0
    ],
    "inliers": 2502,
    "centroid": [
      598.17626953125,
      577.3037719726562
    ]
  }
}