{
  "image_size": {
    "w": 1920,
    "h": 1080
  },
  "line1": {
    "abc": [
      0.9995722174634474,
      0.029246574267715767,
      -1384.6735703083407
    ],
    "p1": [
      1385.2661629813413,
      0.0
    ],
    "p2": [
      1353.6956040126802,
      1079.0
    ],
    "inliers": 3432,
    "centroid": [
      1369.0728759765625,
      553.4446411132812
    ]
  },
  "line2": {
    "abc": [
      0.9999990463246835,
      -0.0014001942472518388,
      -597.7200608641476
    ],
    "p1": [
      597.7206308955595,
      0.0
    ],
    "p2": [
      599.2314419291674,
      1079.0
    ],
    "inliers": 2450,
    "centroid": [
      598.481201171875,
      543.1885986328125
    ]
  }
}