{
  "image_size": {
    "w": 1920,
    "h": 1080
  },
  "line1": {
    "abc": [
      0.999512076376869,
      0.0312340501695559,
      -1386.5740320651335
    ],
    "p1": [
      1387.2509045526745,
      0.0
    ],
    "p2": [
      1353.5329126149327,
      1079.0
    ],
    "inliers": 3589,
    "centroid": [
      1370.3043212890625,
      542.3028564453125
    ]
  },
  "line2": {
    "abc": [
      0.999990701674415,
      0.004310649819667797,
      -604.0603085385671
    ],
    "p1": [
      604.0659253402158,
      0.0
    ],
    "p2": [
      599.4146909361024,
      1079.0
    ],
    "inliers": 2321,
    "centroid": [
      601.6273193359375,
      565.7113037109375
    ]
  }
}