{
  "image_size": {
    "w": 1920,
    "h": 1080
  },
  "line1": {
    "abc": [
      0.9995864629735487,
      0.028756145387859196,
      -1386.3611686603417
    ],
    "p1": [
      1386.9347175193068,
      0.0
    ],
    "p2": [
      1355.8940001598507,
      1079.0
    ],
    "inliers": 3555,
    "centroid": [
      1371.17529296875,
      547.8101196289062
    ]
  },
  "line2": {
    "abc": [
      0.9999999403943551,
      0.0002456083602735179,
      -600.1555311327047
    ],
    "p1": [
      600.1555669053643,
      0.0
    ],
    "p2": [
      599.890555468833,
      1079.0
    ],
    "inliers": 2682,
    "centroid": [
      600.026123046875,
      527.0335693359375
    ]
  }
}