{
  "image_size": {
    "w": 1920,
    "h": 1080
  },
  "line1": {
    "abc": [
      0.9993791580190201,
      0.03523214533921533,
      -1404.593833795118
    ],
    "p1": [
      1405.4664063430325,
      0.0
    ],
    "p2": [
      1367.4273052511426,
      1079.0
    ],
    "inliers": 3408,
    "centroid": [
      1386.90234375,
      526.579833984375
    ]
  },
  "line2": {
    "abc": [
      0.9999952912320627,
      -0.003074812702831531,
      -599.8389063290932
    ],
    "p1": [
      599.8417308446029,
      0.0
    ],
    "p2": [
      603.1594693734189,
      1079.0
    ],
    "inliers": 2495,
    "centroid": [
      601.5318603515625,
      549.66650390625
    ]
  }
}