{
  "image_size": {
    "w": 1920,
    "h": 1080
  },
  "line1": {
    "abc": [
      0.9994418025006789,
      0.03340801969167229,
      -1383.4097586276778
    ],
    "p1": [
      1384.1824057851913,
      0.0
    ],
    "p2": [
      1348.1150198132204,
      1079.0
    ],
    "inliers": 3992,
    "centroid": [
      1365.9962158203125,
      544.0621337890625
    ]
  },
  "line2": {
    "abc": [
      0.999997854231788,
      0.002063555410129748,
      -597.2912757622548
    ],
    "p1": [
      597.2925574136378,
      0.0
    ],
    "p2": [
      595.065976348381,
      1079.0
    ],
    "inliers": 2908,
    "centroid": [
      596.2232055664062,
      518.2073364257812
    ]
  }
}