{
  "image_size": {
    "w": 1920,
    "h": 1080
  },
  "line1": {
    "abc": [
      0.9994671344747085,
      0.0326408818363817,
      -1394.1837250924145
    ],
    "p1": [
      1394.9270336189272,
      0.0
    ],
    "p2": [
      1359.6887448482153,
      1079.0
    ],
    "inliers": 3156,
    "centroid": [
      1377.5228271484375,
      532.9185791015625
    ]
  },
  "line2": {
    "abc": [
      0.9999974369992746,
      -0.002258920343590504,
      -600.8978354971351
    ],
    "p1": [
      600.8993756026707,
      0.0
    ],
    "p2": [
      603.3367569004149,
      1079.0
    ],
    "inliers": 2405,
    "centroid": [
      602.1509399414062,
      554.0527954101562
    ]
  }
}