{
  "image_size": {
    "w": 1920,
    "h": 1080
  },
  "line1": {
    "abc": [
      0.9995979666699903,
      0.02835318818685557,
      -1387.4940033821056
    ],
    "p1": [
      1388.0520465686143,
      0.0
    ],
    "p2": [
      1357.4466521263532,
      1079.0
    ],
    "inliers": 3233,
    "centroid": [
      1372.9798583984375,
      531.3733520507812
    ]
  },
  "line2": {
    "abc": [
      0.9999911785115732,
      -0.0041987006552475425,
      -601.652992830894
    ],
    "p1": [
      601.6583003526275,
      0.0
    ],
    "p2": [
      606.1887383248458,
      1079.0
    ],
    "inliers": 3142,
    "centroid": [
      604.0885009765625,
      578.7931518554688
    ]
  }
}