{
  "image_size": {
    "w": 1920,
    "h": 1080
  },
  "line1": {
    "abc": [
      0.9994693398465652,
      0.032573945820298995,
      -1386.7128749589922
    ],
    "p1": [
      1387.4491389319408,
      0.0
    ],
    "p2": [
      1352.2831902241014,
      1079.0
    ],
    "inliers": 3828,
    "centroid": [
      1369.1627197265625,
      561.0838623046875
    ]
  },
  "line2": {
    "abc": [
      0.9999881386746896,
      0.004868008662010331,
      -600.3092943696271
    ],
    "p1": [
      600.3164149179136,
      0.0
    ],
    "p2": [
      595.0637712682893,
      1079.0
    ],
    "inliers": 2135,
    "centroid": [
      597.3990478515625,
      599.28662109375
    ]
  }
}