{
  "image_size": {
    "w": 1920,
    "h": 1080
  },
  "line1": {
    "abc": [
      0.9996344447125928,
      0.027037195861312528,
      -1379.1531025521065
    ],
    "p1": [
      1379.6574436254346,
      0.0
    ],
    "p2": [
      1350.473640997721,
      1079.0
    ],
    "inliers": 3984,
    "centroid": [
      1365.14501953125,
      536.5615234375
    ]
  },
  "line2": {
    "abc": [
      0.9999967217435373,
      -0.002560390625146451,
      -591.5864886863453
    ],
    "p1": [
      591.5884280649329,
      0.0
    ],
    "p2": [
      594.3510986062086,
      1079.0
    ],
    "inliers": 2487,
    "centroid": [
      593.0518798828125,
      571.57177734375
    ]
  }
}