{
  "image_size": {
    "w": 1920,
    "h": 1080
  },
  "line1": {
    "abc": [
      0.999095559119179,
      0.04252070188518087,
      -1411.727749017376
    ],
    "p1": [
      1413.0057291636658,
      0.0
    ],
    "p2": [
      1367.0843586647732,
      1079.0
    ],
    "inliers": 3114,
    "centroid": [
      1391.3895263671875,
      507.90911865234375
    ]
  },
  "line2": {
    "abc": [
      0.9999976754178537,
      0.0021596346050479272,
      -611.0885636478889
    ],
    "p1": [
      611.0899841767559,
      0.0
    ],
    "p2": [
      608.759733021049,
      1079.0
    ],
    "inliers": 2853,
    "centroid": [
      609.9688110351562,
      519.1482543945312
    ]
  }
}