{
  "image_size": {
    "w": 1920,
    "h": 1080
  },
  "line1": {
    "abc": [
      0.999620318411781,
      0.027554031461449722,
      -1386.6921599502625
    ],
    "p1": [
      1387.2188614107704,
      0.0
    ],
    "p2": [
      1357.4767689389594,
      1079.0
    ],
    "inliers": 3122,
    "centroid": [
      1371.8751220703125,
      556.6486206054688
    ]
  },
  "line2": {
    "abc": [
      0.9999924302091134,
      -0.003894833149384537,
      -602.0657403563417
    ],
    "p1": [
      602.0702979025958,
      0.0
    ],
    "p2": [
      606.2728546832578,
      1079.0
    ],
    "inliers": 2685,
    "centroid": [
      604.2923583984375,
      570.5106201171875
    ]
  }
}