{
  "image_size": {
    "w": 1920,
    "h": 1080
  },
  "line1": {
    "abc": [
      0.9995071887959974,
      0.03139095753428181,
      -1404.6434486095875
    ],
    "p1": [
      1405.3360139426468,
      0.0
    ],
    "p2": [
      1371.4484706021224,
      1079.0
    ],
    "inliers": 3527,
    "centroid": [
      1388.13916015625,
      547.5582885742188
    ]
  },
  "line2": {
    "abc": [
      0.9999984502782358,
      -0.0017507056472805516,
      -603.7821133081143
    ],
    "p1": [
      603.7830490038463,
      0.0
    ],
    "p2": [
      605.6720633247085,
      1079.0
    ],
    "inliers": 2943,
    "centroid": [
      604.800537109375,
      581.1865234375
    ]
  }
}