{
  "image_size": {
    "w": 1920,
    "h": 1080
  },
  "line1": {
    "abc": [
      0.9994408488263625,
      0.0334357805549764,
      -1402.7576012929176
    ],
    "p1": [
      1403.542393669588,
      0.0
    ],
    "p2": [
      1367.4450025521598,
      1079.0
    ],
    "inliers": 3322,
    "centroid": [
      1385.0147705078125,
      553.8157958984375
    ]
  },
  "line2": {
    "abc": [
      0.9999999999989999,
      -0.0,
      -604.999999999395
    ],
    "p1": [
      605.0,
      0.0
    ],
    "p2": [
      605.0,
      1079.0
    ],
    "inliers": 3295,
    "centroid": [
      605.0,
      574.4916381835938
    ]
  }
}