{
  "image_size": {
    "w": 1920,
    "h": 1080
  },
  "line1": {
    "abc": [
      0.9991551041593096,
      0.041099064052063844,
      -1412.9523253061243
    ],
    "p1": [
      1414.1471323363594,
      0.0
    ],
    "p2": [
      1369.7637428830378,
      1079.0
    ],
    "inliers": 3336,
    "centroid": [
      1391.31982421875,
      554.9523315429688
    ]
  },
  "line2": {
    "abc": [
      0.999997317789985,
      0.0023191471118456774,
      -613.2731066052862
    ],
    "p1": [
      613.2747515369667,
      0.0
    ],
    "p2": [
      610.7723850914128,
      1079.0
    ],
    "inliers": 2831,
    "centroid": [
      612.1292724609375,
      493.9212341308594
    ]
  }
}