{
  "image_size": {
    "w": 1920,
    "h": 1080
  },
  "line1": {
    "abc": [
      0.9990515708913349,
      0.043542668223337494,
      -1414.9111318526777
    ],
    "p1": [
      1416.2543487022606,
      0.0
    ],
    "p2": [
      1369.2272077799314,
      1079.0
    ],
    "inliers": 3326,
    "centroid": [
      1392.6019287109375,
      542.685791015625
    ]
  },
  "line2": {
    "abc": [
      0.9999972581853402,
      0.0023407319094962313,
      -609.9960590782714
    ],
    "p1": [
      609.9977315789943,
      0.0
    ],
    "p2": [
      607.4720749237654,
      1079.0
    ],
    "inliers": 2958,
    "centroid": [
      608.8671264648438,
      483.0121765136719
    ]
  }
}