{
  "image_size": {
    "w": 1920,
    "h": 1080
  },
  "line1": {
    "abc": [
      0.9994596838941116,
      0.03286925330754808,
      -1390.8483047521509
    ],
    "p1": [
      1391.6002087579004,
      0.0
    ],
    "p2": [
      1356.115111269364,
      1079.0
    ],
    "inliers": 3903,
    "centroid": [
      1374.3131103515625,
      525.6510620117188
    ]
  },
  "line2": {
    "abc": [
      0.9999747276296151,
      0.0071060392074215875,
      -604.6139393580498
    ],
    "p1": [
      604.6292197716374,
      0.0
    ],
    "p2": [
      596.9616096881475,
      1079.0
    ],
    "inliers": 2635,
    "centroid": [
      600.4315185546875,
      590.7081298828125
    ]
  }
}