{
  "image_size": {
    "w": 1920,
    "h": 1080
  },
  "line1": {
    "abc": [
      0.9994199872006911,
      0.034054730087484636,
      -1393.2516064113117
    ],
    "p1": [
      1394.0601791582303,
      0.0
    ],
    "p2": [
      1357.2938004235841,
      1079.0
    ],
    "inliers": 3910,
    "centroid": [
      1375.8201904296875,
      535.2974243164062
    ]
  },
  "line2": {
    "abc": [
      0.9999663233747018,
      0.008209285326293841,
      -607.4856784297563
    ],
    "p1": [
      607.5061371863046,
      0.0
    ],
    "p2": [
      598.6480200077406,
      1079.0
    ],
    "inliers": 2333,
    "centroid": [
      602.6956787109375,
      585.9580078125
    ]
  }
}