{
  "image_size": {
    "w": 1920,
    "h": 1080
  },
  "line1": {
    "abc": [
      0.9995995163907545,
      0.028297526761861157,
      -1388.4117761994478
    ],
    "p1": [
      1388.9680351312838,
      0.0
    ],
    "p2": [
      1358.4227708775618,
      1079.0
    ],
    "inliers": 3348,
    "centroid": [
      1373.7066650390625,
      539.1021728515625
    ]
  },
  "line2": {
    "abc": [
      0.9999930262555612,
      -0.003740844316776826,
      -601.0398661120076
    ],
    "p1": [
      601.0440576396621,
      0.0
    ],
    "p2": [
      605.0804568062805,
      1079.0
    ],
    "inliers": 2753,
    "centroid": [
      603.0995483398438,
      549.4685668945312
    ]
  }
}