{
  "image_size": {
    "w": 1920,
    "h": 1080
  },
  "line1": {
    "abc": [
      0.9994269609441299,
      0.03384821116920901,
      -1392.279765576839
    ],
    "p1": [
      1393.0780537094902,
      0.0
    ],
    "p2": [
      1356.5348931997166,
      1079.0
    ],
    "inliers": 3469,
    "centroid": [
      1374.8411865234375,
      538.4750366210938
    ]
  },
  "line2": {
    "abc": [
      0.999994933604194,
      0.003176026744764847,
      -600.1291968036555
    ],
    "p1": [
      600.1322373111057,
      0.0
    ],
    "p2": [
      596.7052870912182,
      1079.0
    ],
    "inliers": 2657,
    "centroid": [
      598.1490478515625,
      624.4215087890625
    ]
  }
}