{
  "image_size": {
    "w": 1920,
    "h": 1080
  },
  "line1": {
    "abc": [
      0.9992516636838457,
      0.0386793799697966,
      -1409.212128728437
    ],
    "p1": [
      1410.2674831015333,
      0.0
    ],
    "p2": [
      1368.5011768703785,
      1079.0
    ],
    "inliers": 3172,
    "centroid": [
      1389.01416015625,
      549.0630493164062
    ]
  },
  "line2": {
    "abc": [
      0.9999971985806955,
      0.0023675872944271727,
      -606.2899641365606
    ],
    "p1": [
      606.2916626137284,
      0.0
    ],
    "p2": [
      603.7370287664409,
      1079.0
    ],
    "inliers": 2247,
    "centroid": [
      604.8994140625,
      588.0436401367188
    ]
  }
}