{
  "image_size": {
    "w": 1920,
    "h": 1080
  },
  "line1": {
    "abc": [
      0.9994904994954604,
      0.03191836550828603,
      -1396.9161122364708
    ],
    "p1": [
      1397.6282045118282,
      0.0
    ],
    "p2": [
      1363.1707320287724,
      1079.0
    ],
    "inliers": 3225,
    "centroid": [
      1379.9063720703125,
      554.9407958984375
    ]
  },
  "line2": {
    "abc": [
      0.9999999999989999,
      2.4627931907137206e-06,
      -602.9933626191079
    ],
    "p1": [
      602.9933626197109,
      0.0
    ],
    "p2": [
      602.9907052658581,
      1079.0
    ],
    "inliers": 2988,
    "centroid": [
      602.991943359375,
      576.28076171875
    ]
  }
}