{
  "image_size": {
    "w": 1920,
    "h": 1080
  },
  "line1": {
    "abc": [
      0.9994457364072341,
      0.03329031541940221,
      -1393.2184056075937
    ],
    "p1": [
      1393.9910440919755,
      0.0
    ],
    "p2": [
      1358.0508734263228,
      1079.0
    ],
    "inliers": 3651,
    "centroid": [
      1375.730224609375,
      548.2284545898438
    ]
  },
  "line2": {
    "abc": [
      0.9999831318845285,
      0.0058112195692898334,
      -605.6697176805384
    ],
    "p1": [
      605.67993435961,
      0.0
    ],
    "p2": [
      599.4095226743178,
      1079.0
    ],
    "inliers": 2717,
    "centroid": [
      602.6488647460938,
      521.5804443359375
    ]
  }
}