{
  "image_size": {
    "w": 1920,
    "h": 1080
  },
  "line1": {
    "abc": [
      0.9994897246350783,
      0.031941119581429006,
      -1383.7558943101708
    ],
    "p1": [
      1384.462351341722,
      0.0
    ],
    "p2": [
      1349.9802879658878,
      1079.0
    ],
    "inliers": 3454,
    "centroid": [
      1367.363037109375,
      535.0654296875
    ]
  },
  "line2": {
    "abc": [
      0.9999986290921701,
      -0.001655486063098742,
      -593.8792262022297
    ],
    "p1": [
      593.880040357027,
      0.0
    ],
    "p2": [
      595.6663122679247,
      1079.0
    ],
    "inliers": 2542,
    "centroid": [
      594.6927490234375,
      490.91778564453125
    ]
  }
}