{
  "image_size": {
    "w": 1920,
    "h": 1080
  },
  "line1": {
    "abc": [
      0.9994497895230788,
      0.03316728025671503,
      -1406.7244783833287
    ],
    "p1": [
      1407.4988990238267,
      0.0
    ],
    "p2": [
      1371.6917021319518,
      1079.0
    ],
    "inliers": 3121,
    "centroid": [
      1389.7872314453125,
      533.7164306640625
    ]
  },
  "line2": {
    "abc": [
      0.9999989867200387,
      -0.0014142108848304315,
      -602.6034182165569
    ],
    "p1": [
      602.6040288231438,
      0.0
    ],
    "p2": [
      604.1299639140753,
      1079.0
    ],
    "inliers": 3030,
    "centroid": [
      603.3795166015625,
      548.3531494140625
    ]
  }
}