{
  "image_size": {
    "w": 1920,
    "h": 1080
  },
  "line1": {
    "abc": [
      0.9994775652875442,
      0.032319359481302365,
      -1408.1254071057886
    ],
    "p1": [
      1408.8614452298173,
      0.0
    ],
    "p2": [
      1373.9706281755168,
      1079.0
    ],
    "inliers": 3206,
    "centroid": [
      1391.5302734375,
      535.9672241210938
    ]
  },
  "line2": {
    "abc": [
      0.9999944567670358,
      -0.0033253966830637575,
      -603.5827397009334
    ],
    "p1": [
      603.5860855192194,
      0.0
    ],
    "p2": [
      607.1742084300463,
      1079.0
    ],
    "inliers": 2391,
    "centroid": [
      605.4675903320312,
      565.7954711914062
    ]
  }
}