{
  "image_size": {
    "w": 1920,
    "h": 1080
  },
  "line1": {
    "abc": [
      0.999650299548103,
      0.026443589478704708,
      -1379.7936282897829
    ],
    "p1": [
      1380.276311539671,
      0.0
    ],
    "p2": [
      1351.7336971269901,
      1079.0
    ],
    "inliers": 4194,
    "centroid": [
      1366.77783203125,
      510.2846984863281
    ]
  },
  "line2": {
    "abc": [
      0.9999930262555612,
      -0.00373241747729107,
      -592.6453966149686
    ],
    "p1": [
      592.6495296013298,
      0.0
    ],
    "p2": [
      596.6768361447336,
      1079.0
    ],
    "inliers": 2525,
    "centroid": [
      594.5892944335938,
      519.7037353515625
    ]
  }
}