{
  "image_size": {
    "w": 1920,
    "h": 1080
  },
  "line1": {
    "abc": [
      0.9995127916326063,
      0.03121138177808978,
      -1387.6744067014367
    ],
    "p1": [
      1388.350822839202,
      0.0
    ],
    "p2": [
      1354.6573261471278,
      1079.0
    ],
    "inliers": 3484,
    "centroid": [
      1372.01611328125,
      523.1024780273438
    ]
  },
  "line2": {
    "abc": [
      0.999995470045997,
      0.0030165393836766117,
      -604.3172627650273
    ],
    "p1": [
      604.3200003068318,
      0.0
    ],
    "p2": [
      601.0651395674753,
      1079.0
    ],
    "inliers": 2486,
    "centroid": [
      602.7337036132812,
      525.864013671875
    ]
  }
}