{
  "image_size": {
    "w": 1920,
    "h": 1080
  },
  "line1": {
    "abc": [
      0.9991281032552264,
      0.0417503379284918,
      -1410.7867299198494
    ],
    "p1": [
      1412.0178636987705,
      0.0
    ],
    "p2": [
      1366.9299370574608,
      1079.0
    ],
    "inliers": 2904,
    "centroid": [
      1389.688720703125,
      534.359130859375
    ]
  },
  "line2": {
    "abc": [
      0.9999926090230478,
      0.003841365454714629,
      -607.8452170955163
    ],
    "p1": [
      607.8497096987111,
      0.0
    ],
    "p2": [
      603.70484573848,
      1079.0
    ],
    "inliers": 2248,
    "centroid": [
      605.7753295898438,
      540.0071411132812
    ]
  }
}