{
  "image_size": {
    "w": 1920,
    "h": 1080
  },
  "line1": {
    "abc": [
      0.9993636012067337,
      0.03567070141431102,
      -1406.3127148749502
    ],
    "p1": [
      1407.2082605138155,
      0.0
    ],
    "p2": [
      1368.6950639359468,
      1079.0
    ],
    "inliers": 3220,
    "centroid": [
      1387.466796875,
      553.0841674804688
    ]
  },
  "line2": {
    "abc": [
      0.9999970793714059,
      -0.0024263868108367497,
      -601.6527037375704
    ],
    "p1": [
      601.6544609467928,
      0.0
    ],
    "p2": [
      604.2725399621221,
      1079.0
    ],
    "inliers": 2405,
    "centroid": [
      603.0764770507812,
      586.0615234375
    ]
  }
}