{
  "image_size": {
    "w": 1920,
    "h": 1080
  },
  "line1": {
    "abc": [
      0.9995642900456922,
      0.029516136273712204,
      -1386.1164341945396
    ],
    "p1": [
      1386.7206421821825,
      0.0
    ],
    "p2": [
      1354.8588486422395,
      1079.0
    ],
    "inliers": 3298,
    "centroid": [
      1370.627685546875,
      544.9881591796875
    ]
  },
  "line2": {
    "abc": [
      0.9999946355809701,
      -0.003282472025599773,
      -599.7302034109324
    ],
    "p1": [
      599.7334206323069,
      0.0
    ],
    "p2": [
      603.2752269476623,
      1079.0
    ],
    "inliers": 2685,
    "centroid": [
      601.5128784179688,
      542.1061401367188
    ]
  }
}