{
  "image_size": {
    "w": 1920,
    "h": 1080
  },
  "line1": {
    "abc": [
      0.9994779229154128,
      0.03230945393439876,
      -1385.1692332403873
    ],
    "p1": [
      1385.8927761004843,
      0.0
    ],
    "p2": [
      1351.0126651986582,
      1079.0
    ],
    "inliers": 3952,
    "centroid": [
      1368.4698486328125,
      538.9701538085938
    ]
  },
  "line2": {
    "abc": [
      0.9999943375577462,
      0.0033662156201865385,
      -599.850301954729
    ],
    "p1": [
      599.853698591658,
      0.0
    ],
    "p2": [
      596.2215313705397,
      1079.0
    ],
    "inliers": 2486,
    "centroid": [
      598.0828857421875,
      526.051513671875
    ]
  }
}