{
  "image_size": {
    "w": 1920,
    "h": 1080
  },
  "line1": {
    "abc": [
      0.9991667866696856,
      0.04081385582681389,
      -1409.8692792783543
    ],
    "p1": [
      1411.0449807660018,
      0.0
    ],
    "p2": [
      1366.970106556146,
      1079.0
    ],
    "inliers": 3529,
    "centroid": [
      1388.539794921875,
      550.9509887695312
    ]
  },
  "line2": {
    "abc": [
      0.9999999999989999,
      7.260473921625832e-06,
      -611.0082362989442
    ],
    "p1": [
      611.0082362995553,
      0.0
    ],
    "p2": [
      611.0004022481938,
      1079.0
    ],
    "inliers": 3123,
    "centroid": [
      611.0044555664062,
      520.7281494140625
    ]
  }
}