{
  "image_size": {
    "w": 1920,
    "h": 1080
  },
  "line1": {
    "abc": [
      0.9994293451299209,
      0.033778395503725606,
      -1408.1522169677203
    ],
    "p1": [
      1408.9562447104927,
      0.0
    ],
    "p2": [
      1372.488545491813,
      1079.0
    ],
    "inliers": 3566,
    "centroid": [
      1390.3275146484375,
      551.1836547851562
    ]
  },
  "line2": {
    "abc": [
      0.9999950528134836,
      -0.003137652529400429,
      -608.055107979322
    ],
    "p1": [
      608.0581161562354,
      0.0
    ],
    "p2": [
      611.4436599843752,
      1079.0
    ],
    "inliers": 2656,
    "centroid": [
      609.833984375,
      565.9834594726562
    ]
  }
}