{
  "image_size": {
    "w": 1920,
    "h": 1080
  },
  "line1": {
    "abc": [
      0.99960470199485,
      0.02811485715207626,
      -1382.0168107101808
    ],
    "p1": [
      1382.5633352385942,
      0.0
    ],
    "p2": [
      1352.215407896365,
      1079.0
    ],
    "inliers": 3492,
    "centroid": [
      1367.337646484375,
      541.3390502929688
    ]
  },
  "line2": {
    "abc": [
      0.9999988675107492,
      -0.0015010222559779772,
      -593.8443336556501
    ],
    "p1": [
      593.8450061787362,
      0.0
    ],
    "p2": [
      595.4646110271216,
      1079.0
    ],
    "inliers": 2863,
    "centroid": [
      594.6112670898438,
      510.49212646484375
    ]
  }
}