{
  "image_size": {
    "w": 1920,
    "h": 1080
  },
  "line1": {
    "abc": [
      0.999373078345253,
      0.03540368750687873,
      -1404.8281690484212
    ],
    "p1": [
      1405.7094387358468,
      0.0
    ],
    "p2": [
      1367.4848961224175,
      1079.0
    ],
    "inliers": 3373,
    "centroid": [
      1387.5675048828125,
      512.109375
    ]
  },
  "line2": {
    "abc": [
      0.9999908804883493,
      -0.004266415722663904,
      -598.3117343374923
    ],
    "p1": [
      598.3171906980838,
      0.0
    ],
    "p2": [
      602.9206952445514,
      1079.0
    ],
    "inliers": 2902,
    "centroid": [
      600.6668090820312,
      550.7191772460938
    ]
  }
}