{
  "image_size": {
    "w": 1920,
    "h": 1080
  },
  "line1": {
    "abc": [
      0.9995136260976332,
      0.03118588402864198,
      -1384.6102896607417
    ],
    "p1": [
      1385.2840556727858,
      0.0
    ],
    "p2": [
      1351.6181125697572,
      1079.0
    ],
    "inliers": 3401,
    "centroid": [
      1368.8353271484375,
      527.1849365234375
    ]
  },
  "line2": {
    "abc": [
      0.9999950528134836,
      0.0031459811143545635,
      -601.4947056672153
    ],
    "p1": [
      601.4976813884343,
      0.0
    ],
    "p2": [
      598.1031509726706,
      1079.0
    ],
    "inliers": 2387,
    "centroid": [
      599.7230834960938,
      564.081298828125
    ]
  }
}