{
  "image_size": {
    "w": 1920,
    "h": 1080
  },
  "line1": {
    "abc": [
      0.9995682835568922,
      0.029380999505490484,
      -1383.1729340643024
    ],
    "p1": [
      1383.7703304694508,
      0.0
    ],
    "p2": [
      1352.0545397746773,
      1079.0
    ],
    "inliers": 3443,
    "centroid": [
      1367.7999267578125,
      543.32763671875
    ]
  },
  "line2": {
    "abc": [
      0.9999986886968149,
      0.0016015832079558448,
      -598.496489264416
    ],
    "p1": [
      598.4972740757978,
      0.0
    ],
    "p2": [
      596.7691635283365,
      1079.0
    ],
    "inliers": 2185,
    "centroid": [
      597.6380004882812,
      536.514404296875
    ]
  }
}