{
  "image_size": {
    "w": 1920,
    "h": 1080
  },
  "line1": {
    "abc": [
      0.9994907975186843,
      0.03190748766061453,
      -1405.617224067009
    ],
    "p1": [
      1406.3333324894695,
      0.0
    ],
    "p2": [
      1371.8876134580648,
      1079.0
    ],
    "inliers": 3585,
    "centroid": [
      1389.281494140625,
      534.142822265625
    ]
  },
  "line2": {
    "abc": [
      0.9999958276738656,
      -0.002880170010027389,
      -606.9787019377404
    ],
    "p1": [
      606.981234461408,
      0.0
    ],
    "p2": [
      610.088950868634,
      1079.0
    ],
    "inliers": 2900,
    "centroid": [
      608.5120849609375,
      531.51171875
    ]
  }
}