{
  "image_size": {
    "w": 1920,
    "h": 1080
  },
  "line1": {
    "abc": [
      0.9994309544553298,
      0.033729925751652366,
      -1385.1783889814521
    ],
    "p1": [
      1385.9670673661965,
      0.0
    ],
    "p2": [
      1349.5517555091935,
      1079.0
    ],
    "inliers": 3991,
    "centroid": [
      1367.743408203125,
      539.9741821289062
    ]
  },
  "line2": {
    "abc": [
      0.9999956488599313,
      0.002941817743700781,
      -598.9858187881963
    ],
    "p1": [
      598.9884250707333,
      0.0
    ],
    "p2": [
      595.8141899137383,
      1079.0
    ],
    "inliers": 2627,
    "centroid": [
      597.3589477539062,
      553.8991088867188
    ]
  }
}