{
  "image_size": {
    "w": 1920,
    "h": 1080
  },
  "line1": {
    "abc": [
      0.9990215897550129,
      0.04422525689001429,
      -1415.1989928537123
    ],
    "p1": [
      1416.5849941248591,
      0.0
    ],
    "p2": [
      1368.8192074054475,
      1079.0
    ],
    "inliers": 3420,
    "centroid": [
      1392.82666015625,
      536.686279296875
    ]
  },
  "line2": {
    "abc": [
      0.9999999999989999,
      5.518578836921671e-05,
      -611.0225451515145
    ],
    "p1": [
      611.0225451521255,
      0.0
    ],
    "p2": [
      610.9629996864752,
      1079.0
    ],
    "inliers": 3298,
    "centroid": [
      610.9933471679688,
      529.085205078125
    ]
  }
}