{
  "image_size": {
    "w": 1920,
    "h": 1080
  },
  "line1": {
    "abc": [
      0.9993111491193314,
      0.03711048141118153,
      -1406.3705312321686
    ],
    "p1": [
      1407.3399786158382,
      0.0
    ],
    "p2": [
      1367.2701670481867,
      1079.0
    ],
    "inliers": 3304,
    "centroid": [
      1387.733642578125,
      527.95947265625
    ]
  },
  "line2": {
    "abc": [
      0.9999994039525522,
      0.001073185587300777,
      -607.1374420692111
    ],
    "p1": [
      607.1378039521497,
      0.0
    ],
    "p2": [
      605.9798360132482,
      1079.0
    ],
    "inliers": 2289,
    "centroid": [
      606.4814453125,
      611.5980834960938
    ]
  }
}