{
  "image_size": {
    "w": 1920,
    "h": 1080
  },
  "line1": {
    "abc": [
      0.9995114207257765,
      0.03125630319115374,
      -1384.5393544886797
    ],
    "p1": [
      1385.2161423861694,
      0.0
    ],
    "p2": [
      1351.4741055830623,
      1079.0
    ],
    "inliers": 3148,
    "centroid": [
      1367.68359375,
      560.6543579101562
    ]
  },
  "line2": {
    "abc": [
      0.9999956488599313,
      0.002953334711489108,
      -599.6818475095919
    ],
    "p1": [
      599.6844568206606,
      0.0
    ],
    "p2": [
      596.497794801351,
      1079.0
    ],
    "inliers": 2460,
    "centroid": [
      597.9674682617188,
      581.3703002929688
    ]
  }
}