{
  "image_size": {
    "w": 1920,
    "h": 1080
  },
  "line1": {
    "abc": [
      0.999419748782112,
      0.03406204655763081,
      -1389.7474808331176
    ],
    "p1": [
      1390.5543516892246,
      0.0
    ],
    "p2": [
      1353.7800651289776,
      1079.0
    ],
    "inliers": 3911,
    "centroid": [
      1372.923583984375,
      517.3070678710938
    ]
  },
  "line2": {
    "abc": [
      0.999998927115394,
      0.001475293422116354,
      -600.1187126862943
    ],
    "p1": [
      600.1193565451138,
      0.0
    ],
    "p2": [
      598.527513234786,
      1079.0
    ],
    "inliers": 2234,
    "centroid": [
      599.3325805664062,
      533.30078125
    ]
  }
}