{
  "image_size": {
    "w": 1920,
    "h": 1080
  },
  "line1": {
    "abc": [
      0.9993742704381485,
      0.035370748490059764,
      -1403.5784414007987
    ],
    "p1": [
      1404.4572518216203,
      0.0
    ],
    "p2": [
      1366.2683182561782,
      1079.0
    ],
    "inliers": 3407,
    "centroid": [
      1386.213134765625,
      515.4739990234375
    ]
  },
  "line2": {
    "abc": [
      0.9999858140935434,
      -0.005328758154059088,
      -597.647552753052
    ],
    "p1": [
      597.6560310456016,
      0.0
    ],
    "p2": [
      603.405842660121,
      1079.0
    ],
    "inliers": 2524,
    "centroid": [
      600.6687622070312,
      565.3640747070312
    ]
  }
}