{
  "image_size": {
    "w": 1920,
    "h": 1080
  },
  "line1": {
    "abc": [
      0.9999999999989999,
      -0.0002359933714612821,
      -604.8254013418345
    ],
    "p1": [
      604.8254013424395,
      0.0
    ],
    "p2": [
      605.0800381902465,
      1079.0
    ],
    "inliers": 3197,
    "centroid": [
      604.9512329101562,
      533.1995849609375
    ]
  },
  "line2": {
    "abc": [
      0.9995791316022413,
      0.029008973389834956,
      -1388.8004016737464
    ],
    "p1": [
      1389.3851499756863,
      0.0
    ],
    "p2": [
      1358.0712886734207,
      1079.0
    ],
    "inliers": 3136,
    "centroid": [
      1373.1878662109375,
      558.1192626953125
    ]
  }
}