{
  "image_size": {
    "w": 1920,
    "h": 1080
  },
  "line1": {
    "abc": [
      0.9995263814916151,
      0.030774351209371307,
      -1391.5172623373746
    ],
    "p1": [
      1392.176622952946,
      0.0
    ],
    "p2": [
      1358.9553637948252,
      1079.0
    ],
    "inliers": 3142,
    "centroid": [
      1375.923583984375,
      527.8857421875
    ]
  },
  "line2": {
    "abc": [
      0.9999987483014596,
      -0.0015920361038281492,
      -598.5752190679285
    ],
    "p1": [
      598.5759683045943,
      0.0
    ],
    "p2": [
      600.2937774108041,
      1079.0
    ],
    "inliers": 2936,
    "centroid": [
      599.439697265625,
      542.5303344726562
    ]
  }
}