{
  "image_size": {
    "w": 1920,
    "h": 1080
  },
  "line1": {
    "abc": [
      0.9996110200871962,
      0.027889633551212076,
      -1390.5727263286149
    ],
    "p1": [
      1391.1138416694478,
      0.0
    ],
    "p2": [
      1361.0092169734005,
      1079.0
    ],
    "inliers": 3331,
    "centroid": [
      1375.3863525390625,
      563.699462890625
    ]
  },
  "line2": {
    "abc": [
      0.9999953508367074,
      -0.003042232478034434,
      -604.1663974166687
    ],
    "p1": [
      604.1692062979652,
      0.0
    ],
    "p2": [
      607.4517904030338,
      1079.0
    ],
    "inliers": 3033,
    "centroid": [
      605.8170166015625,
      541.642578125
    ]
  }
}