{
  "image_size": {
    "w": 1920,
    "h": 1080
  },
  "line1": {
    "abc": [
      0.9994112253179092,
      0.03431113064285662,
      -1392.7698437864876
    ],
    "p1": [
      1393.590354504426,
      0.0
    ],
    "p2": [
      1356.5468342539245,
      1079.0
    ],
    "inliers": 3608,
    "centroid": [
      1375.93408203125,
      514.2901611328125
    ]
  },
  "line2": {
    "abc": [
      0.999998927115394,
      0.0014525814913198727,
      -600.3604369980544
    ],
    "p1": [
      600.3610811162164,
      0.0
    ],
    "p2": [
      598.7937440055105,
      1079.0
    ],
    "inliers": 3014,
    "centroid": [
      599.6250610351562,
      506.6974182128906
    ]
  }
}