{
  "image_size": {
    "w": 1920,
    "h": 1080
  },
  "line1": {
    "abc": [
      0.9995100498189466,
      0.03129956871268003,
      -1382.0044568376645
    ],
    "p1": [
      1382.6819020859307,
      0.0
    ],
    "p2": [
      1348.8931126214334,
      1079.0
    ],
    "inliers": 4145,
    "centroid": [
      1365.6820068359375,
      542.8690185546875
    ]
  },
  "line2": {
    "abc": [
      0.999996781348182,
      -0.0025384221225951556,
      -592.8668510590078
    ],
    "p1": [
      592.8687592971177,
      0.0
    ],
    "p2": [
      595.6077255831767,
      1079.0
    ],
    "inliers": 2684,
    "centroid": [
      594.2026977539062,
      525.4973754882812
    ]
  }
}