{
  "image_size": {
    "w": 1920,
    "h": 1080
  },
  "line1": {
    "abc": [
      0.9996163845052258,
      0.027697326615425066,
      -1381.8750955945686
    ],
    "p1": [
      1382.4054077290332,
      0.0
    ],
    "p2": [
      1352.5085234029164,
      1079.0
    ],
    "inliers": 4176,
    "centroid": [
      1367.34814453125,
      543.4274291992188
    ]
  },
  "line2": {
    "abc": [
      0.9999976158132089,
      -0.002175682689992398,
      -594.2078831027561
    ],
    "p1": [
      594.2092998087198,
      0.0
    ],
    "p2": [
      596.5568670282604,
      1079.0
    ],
    "inliers": 2406,
    "centroid": [
      595.2539672851562,
      480.155029296875
    ]
  }
}