{
  "image_size": {
    "w": 1920,
    "h": 1080
  },
  "line1": {
    "abc": [
      0.9995498061170118,
      0.03000365197655538,
      -1381.394912146021
    ],
    "p1": [
      1382.017087785127,
      0.0
    ],
    "p2": [
      1349.6285661881216,
      1079.0
    ],
    "inliers": 3783,
    "centroid": [
      1365.19873046875,
      560.2913208007812
    ]
  },
  "line2": {
    "abc": [
      0.9999999999989999,
      -3.690662560980801e-05,
      -592.9575336188663
    ],
    "p1": [
      592.9575336194592,
      0.0
    ],
    "p2": [
      592.9973558684924,
      1079.0
    ],
    "inliers": 2688,
    "centroid": [
      592.9761962890625,
      505.672607421875
    ]
  }
}