{
  "image_size": {
    "w": 1920,
    "h": 1080
  },
  "line1": {
    "abc": [
      0.999569654463722,
      0.029334921389788854,
      -1389.1574652708346
    ],
    "p1": [
      1389.755540364148,
      0.0
    ],
    "p2": [
      1358.0895328595843,
      1079.0
    ],
    "inliers": 3008,
    "centroid": [
      1372.9647216796875,
      572.136962890625
    ]
  },
  "line2": {
    "abc": [
      0.9999971389760507,
      -0.0023819915950274487,
      -600.7020120067825
    ],
    "p1": [
      600.7037306345424,
      0.0
    ],
    "p2": [
      603.2739069189128,
      1079.0
    ],
    "inliers": 2961,
    "centroid": [
      602.0206298828125,
      552.8547973632812
    ]
  }
}