{
  "image_size": {
    "w": 1920,
    "h": 1080
  },
  "line1": {
    "abc": [
      0.9989970326413654,
      0.04477681219573311,
      -1415.0276051349401
    ],
    "p1": [
      1416.448256501406,
      0.0
    ],
    "p2": [
      1368.0855699462193,
      1079.0
    ],
    "inliers": 2924,
    "centroid": [
      1392.532470703125,
      533.5752563476562
    ]
  },
  "line2": {
    "abc": [
      0.9999976158132089,
      0.002177101094273536,
      -608.2975868964562
    ],
    "p1": [
      608.2990371949858,
      0.0
    ],
    "p2": [
      605.949939513577,
      1079.0
    ],
    "inliers": 2094,
    "centroid": [
      607.097900390625,
      551.7125244140625
    ]
  }
}