{
  "image_size": {
    "w": 1920,
    "h": 1080
  },
  "line1": {
    "abc": [
      0.9999999999989999,
      -0.00010427097731725129,
      -604.9254578954511
    ],
    "p1": [
      604.9254578960561,
      0.0
    ],
    "p2": [
      605.0379662805815,
      1079.0
    ],
    "inliers": 3423,
    "centroid": [
      604.9842529296875,
      563.86767578125
    ]
  },
  "line2": {
    "abc": [
      0.9994600415219802,
      0.03285823762413553,
      -1399.3639348678055
    ],
    "p1": [
      1400.1199415004633,
      0.0
    ],
    "p2": [
      1364.6467490530165,
      1079.0
    ],
    "inliers": 3054,
    "centroid": [
      1381.5628662109375,
      564.456787109375
    ]
  }
}