{
  "image_size": {
    "w": 1920,
    "h": 1080
  },
  "line1": {
    "abc": [
      0.9995902180661695,
      0.028624780476064666,
      -1386.7951296977901
    ],
    "p1": [
      1387.3636462556788,
      0.0
    ],
    "p2": [
      1356.4648463520275,
      1079.0
    ],
    "inliers": 3310,
    "centroid": [
      1370.9541015625,
      573.0286865234375
    ]
  },
  "line2": {
    "abc": [
      0.9999970793714059,
      -0.0024129340890770862,
      -600.870613636206
    ],
    "p1": [
      600.8723685612271,
      0.0
    ],
    "p2": [
      603.4759320473831,
      1079.0
    ],
    "inliers": 2941,
    "centroid": [
      602.1822509765625,
      542.857177734375
    ]
  }
}