{
  "image_size": {
    "w": 1920,
    "h": 1080
  },
  "line1": {
    "abc": [
      0.9990135431279682,
      0.04440698400135368,
      -1412.2439553165977
    ],
    "p1": [
      1413.6384486788654,
      0.0
    ],
    "p2": [
      1365.6760000543597,
      1079.0
    ],
    "inliers": 3303,
    "centroid": [
      1390.0311279296875,
      531.08837890625
    ]
  },
  "line2": {
    "abc": [
      0.9999989867200387,
      -0.0014306713128448127,
      -606.7594414017458
    ],
    "p1": [
      606.7600562195521,
      0.0
    ],
    "p2": [
      608.3037521303077,
      1079.0
    ],
    "inliers": 2387,
    "centroid": [
      607.5408325195312,
      545.7406616210938
    ]
  }
}