{
  "image_size": {
    "w": 1920,
    "h": 1080
  },
  "line1": {
    "abc": [
      0.9991262555112383,
      0.041794102638918085,
      -1411.4807466773025
    ],
    "p1": [
      1412.71509870899,
      0.0
    ],
    "p2": [
      1367.5798252651769,
      1079.0
    ],
    "inliers": 3294,
    "centroid": [
      1389.9246826171875,
      544.8257446289062
    ]
  },
  "line2": {
    "abc": [
      0.9999994039525522,
      0.001064553041941353,
      -604.9481910561997
    ],
    "p1": [
      604.94855163424,
      0.0
    ],
    "p2": [
      603.7998982173333,
      1079.0
    ],
    "inliers": 2362,
    "centroid": [
      604.2955322265625,
      613.4208374023438
    ]
  }
}