{
  "image_size": {
    "w": 1920,
    "h": 1080
  },
  "line1": {
    "abc": [
      0.9995348453511732,
      0.030497664585679072,
      -1383.676878433056
    ],
    "p1": [
      1384.3208016894293,
      0.0
    ],
    "p2": [
      1351.3985076433562,
      1079.0
    ],
    "inliers": 3346,
    "centroid": [
      1368.0430908203125,
      533.488037109375
    ]
  },
  "line2": {
    "abc": [
      0.9999982714643014,
      -0.0018433892400916856,
      -596.4009475525925
    ],
    "p1": [
      596.4019784547029,
      0.0
    ],
    "p2": [
      598.3909988828548,
      1079.0
    ],
    "inliers": 2492,
    "centroid": [
      597.3695678710938,
      524.8960571289062
    ]
  }
}