{
  "image_size": {
    "w": 1920,
    "h": 1080
  },
  "line1": {
    "abc": [
      0.9993727803220291,
      0.03541290014978682,
      -1395.4579534990899
    ],
    "p1": [
      1396.3337615113248,
      0.0
    ],
    "p2": [
      1358.099260818493,
      1079.0
    ],
    "inliers": 3411,
    "centroid": [
      1376.868408203125,
      549.3236694335938
    ]
  },
  "line2": {
    "abc": [
      0.9999999999989999,
      -1.6369314835157638e-05,
      -598.9858036368777
    ],
    "p1": [
      598.9858036374767,
      0.0
    ],
    "p2": [
      599.0034661281838,
      1079.0
    ],
    "inliers": 3028,
    "centroid": [
      598.995361328125,
      583.8784790039062
    ]
  }
}