{
  "image_size": {
    "w": 1920,
    "h": 1080
  },
  "line1": {
    "abc": [
      0.9992814660062332,
      0.037901956587991954,
      -1408.0540382577185
    ],
    "p1": [
      1409.066500437761,
      0.0
    ],
    "p2": [
      1368.140882831852,
      1079.0
    ],
    "inliers": 3025,
    "centroid": [
      1388.2330322265625,
      549.2723999023438
    ]
  },
  "line2": {
    "abc": [
      0.9999972581853402,
      0.0023507948499149416,
      -606.4219786983185
    ],
    "p1": [
      606.4236413995485,
      0.0
    ],
    "p2": [
      603.8871268018373,
      1079.0
    ],
    "inliers": 2394,
    "centroid": [
      605.0313110351562,
      592.279052734375
    ]
  }
}