{
  "image_size": {
    "w": 1920,
    "h": 1080
  },
  "line1": {
    "abc": [
      0.9995884299268263,
      0.028687482699723165,
      -1389.664468412982
    ],
    "p1": [
      1390.2366482120153,
      0.0
    ],
    "p2": [
      1359.2701094784015,
      1079.0
    ],
    "inliers": 3224,
    "centroid": [
      1373.90576171875,
      569.034423828125
    ]
  },
  "line2": {
    "abc": [
      0.9999961256970895,
      -0.0027913586236508587,
      -604.5697957497348
    ],
    "p1": [
      604.5721380453289,
      0.0
    ],
    "p2": [
      607.5840256692131,
      1079.0
    ],
    "inliers": 2810,
    "centroid": [
      606.0355834960938,
      524.2750854492188
    ]
  }
}