{
  "image_size": {
    "w": 1920,
    "h": 1080
  },
  "line1": {
    "abc": [
      0.9999974369992746,
      0.0022740676067746785,
      -607.1592291844711
    ],
    "p1": [
      607.1607853380044,
      0.0
    ],
    "p2": [
      604.707060101395,
      1079.0
    ],
    "inliers": 3188,
    "centroid": [
      605.932861328125,
      539.9667358398438
    ]
  },
  "line2": {
    "abc": [
      0.9990319609632038,
      0.04398972913618457,
      -1412.526916890343
    ],
    "p1": [
      1413.8956230474082,
      0.0
    ],
    "p2": [
      1366.3847128937628,
      1079.0
    ],
    "inliers": 3157,
    "centroid": [
      1389.5872802734375,
      552.056396484375
    ]
  }
}