{
  "image_size": {
    "w": 1920,
    "h": 1080
  },
  "line1": {
    "abc": [
      0.9994938373555678,
      0.03181231766935982,
      -1382.4898072437963
    ],
    "p1": [
      1383.1899263146518,
      0.0
    ],
    "p2": [
      1348.8470524695697,
      1079.0
    ],
    "inliers": 4137,
    "centroid": [
      1365.6163330078125,
      552.1351318359375
    ]
  },
  "line2": {
    "abc": [
      0.9999986290921701,
      0.001651099883018273,
      -598.1490669703503
    ],
    "p1": [
      598.1498869787139,
      0.0
    ],
    "p2": [
      596.368347762611,
      1079.0
    ],
    "inliers": 2376,
    "centroid": [
      597.3211059570312,
      501.95623779296875
    ]
  }
}