{
  "image_size": {
    "w": 1920,
    "h": 1080
  },
  "line1": {
    "abc": [
      0.9995687007894056,
      0.029367148876160817,
      -1387.1756464973685
    ],
    "p1": [
      1387.7741924110385,
      0.0
    ],
    "p2": [
      1356.0733662323548,
      1079.0
    ],
    "inliers": 3154,
    "centroid": [
      1371.2977294921875,
      560.808837890625
    ]
  },
  "line2": {
    "abc": [
      0.9999958872785104,
      -0.0028624280821503384,
      -599.230451416965
    ],
    "p1": [
      599.2329158950555,
      0.0
    ],
    "p2": [
      602.3214884981346,
      1079.0
    ],
    "inliers": 2869,
    "centroid": [
      600.84521484375,
      563.2603759765625
    ]
  }
}