{
  "image_size": {
    "w": 1920,
    "h": 1080
  },
  "line1": {
    "abc": [
      0.9993289709081192,
      0.0366285294293991,
      -1409.10552333026
    ],
    "p1": [
      1410.0517090480876,
      0.0
    ],
    "p2": [
      1370.5029874510276,
      1079.0
    ],
    "inliers": 3155,
    "centroid": [
      1390.3489990234375,
      537.545166015625
    ]
  },
  "line2": {
    "abc": [
      0.9999995231618417,
      0.0009687262354408947,
      -608.9526766353331
    ],
    "p1": [
      608.9529670073443,
      0.0
    ],
    "p2": [
      607.9077109008856,
      1079.0
    ],
    "inliers": 2440,
    "centroid": [
      608.4143676757812,
      555.9868774414062
    ]
  }
}