{
  "image_size": {
    "w": 1920,
    "h": 1080
  },
  "line1": {
    "abc": [
      0.9995151758183973,
      0.03113589994606242,
      -1394.3050965732727
    ],
    "p1": [
      1394.981417297265,
      0.0
    ],
    "p2": [
      1361.3694853780787,
      1079.0
    ],
    "inliers": 3178,
    "centroid": [
      1379.0283203125,
      512.1214599609375
    ]
  },
  "line2": {
    "abc": [
      0.9999977350224984,
      -0.002119616372508671,
      -599.0381533317601
    ],
    "p1": [
      599.0395101427731,
      0.0
    ],
    "p2": [
      601.326581388875,
      1079.0
    ],
    "inliers": 2656,
    "centroid": [
      600.281982421875,
      586.1765747070312
    ]
  }
}