{
  "image_size": {
    "w": 1920,
    "h": 1080
  },
  "line1": {
    "abc": [
      0.9994685649861831,
      0.032596834003892725,
      -1393.1888957867336
    ],
    "p1": [
      1393.9296788248598,
      0.0
    ],
    "p2": [
      1358.7389933722498,
      1079.0
    ],
    "inliers": 3721,
    "centroid": [
      1376.218994140625,
      543.0365600585938
    ]
  },
  "line2": {
    "abc": [
      0.999962031840278,
      0.008717023767522201,
      -608.2921007445558
    ],
    "p1": [
      608.3151973531302,
      0.0
    ],
    "p2": [
      598.9091715784848,
      1079.0
    ],
    "inliers": 2675,
    "centroid": [
      603.1771850585938,
      589.400390625
    ]
  }
}