{
  "image_size": {
    "w": 1920,
    "h": 1080
  },
  "line1": {
    "abc": [
      0.9999958276738656,
      -0.00288143311626921,
      -603.85112726862
    ],
    "p1": [
      603.8536467429716,
      0.0
    ],
    "p2": [
      606.9627260475189,
      1079.0
    ],
    "inliers": 3550,
    "centroid": [
      605.3788452148438,
      529.3171997070312
    ]
  },
  "line2": {
    "abc": [
      0.999622166155769,
      0.027487512677880455,
      -1387.6766431019548
    ],
    "p1": [
      1388.2011524799623,
      0.0
    ],
    "p2": [
      1358.5309158809757,
      1079.0
    ],
    "inliers": 3359,
    "centroid": [
      1373.2352294921875,
      544.2568969726562
    ]
  }
}