{
  "image_size": {
    "w": 1920,
    "h": 1080
  },
  "line1": {
    "abc": [
      0.9999999999989999,
      -0.00014674679550793248,
      -606.8886918248312
    ],
    "p1": [
      606.8886918254382,
      0.0
    ],
    "p2": [
      607.0470316177914,
      1079.0
    ],
    "inliers": 3168,
    "centroid": [
      606.9681396484375,
      541.3939208984375
    ]
  },
  "line2": {
    "abc": [
      0.9994295239438552,
      0.03377359732982119,
      -1406.6795041185158
    ],
    "p1": [
      1407.482439149495,
      0.0
    ],
    "p2": [
      1371.0199266402842,
      1079.0
    ],
    "inliers": 3168,
    "centroid": [
      1388.657470703125,
      557.0691528320312
    ]
  }
}