{
  "image_size": {
    "w": 1920,
    "h": 1080
  },
  "line1": {
    "abc": [
      0.999088406561806,
      0.04268838837738536,
      -1415.577765221084
    ],
    "p1": [
      1416.8693740452418,
      0.0
    ],
    "p2": [
      1370.7665759778424,
      1079.0
    ],
    "inliers": 3404,
    "centroid": [
      1394.510009765625,
      523.303466796875
    ]
  },
  "line2": {
    "abc": [
      0.9999999999989999,
      4.6338274842081815e-05,
      -613.0349745868527
    ],
    "p1": [
      613.0349745874659,
      0.0
    ],
    "p2": [
      612.9849755889111,
      1079.0
    ],
    "inliers": 1859,
    "centroid": [
      613.0118408203125,
      499.2366943359375
    ]
  }
}