{
  "image_size": {
    "w": 1920,
    "h": 1080
  },
  "line1": {
    "abc": [
      0.999420821665718,
      0.034030105918611823,
      -1384.5692713158746
    ],
    "p1": [
      1385.371648559649,
      0.0
    ],
    "p2": [
      1348.6318853986375,
      1079.0
    ],
    "inliers": 3678,
    "centroid": [
      1367.109619140625,
      536.33251953125
    ]
  },
  "line2": {
    "abc": [
      0.999998927115394,
      -0.00146152905654016,
      -594.7080427615984
    ],
    "p1": [
      594.7086808153872,
      0.0
    ],
    "p2": [
      596.2856723593239,
      1079.0
    ],
    "inliers": 2610,
    "centroid": [
      595.4478759765625,
      505.767822265625
    ]
  }
}