{
  "image_size": {
    "w": 1920,
    "h": 1080
  },
  "line1": {
    "abc": [
      0.9994184970845718,
      0.03409852087494301,
      -1398.8912235975654
    ],
    "p1": [
      1399.705156226651,
      0.0
    ],
    "p2": [
      1362.8914449221363,
      1079.0
    ],
    "inliers": 3272,
    "centroid": [
      1380.7109375,
      556.7154541015625
    ]
  },
  "line2": {
    "abc": [
      0.9999979734410775,
      -0.002008029259739298,
      -602.0221117568461
    ],
    "p1": [
      602.0233317926007,
      0.0
    ],
    "p2": [
      604.1899997547397,
      1079.0
    ],
    "inliers": 3190,
    "centroid": [
      603.14892578125,
      560.5454711914062
    ]
  }
}