{
  "image_size": {
    "w": 1920,
    "h": 1080
  },
  "line1": {
    "abc": [
      0.9995235204686659,
      0.03086546249684585,
      -1381.0426676354732
    ],
    "p1": [
      1381.7010198898743,
      0.0
    ],
    "p2": [
      1348.38130969588,
      1079.0
    ],
    "inliers": 4088,
    "centroid": [
      1365.5924072265625,
      521.6489868164062
    ]
  },
  "line2": {
    "abc": [
      0.9999991655339731,
      -0.001286193844860996,
      -591.9182958951437
    ],
    "p1": [
      591.9187898312646,
      0.0
    ],
    "p2": [
      593.3065941479451,
      1079.0
    ],
    "inliers": 2516,
    "centroid": [
      592.5786743164062,
      513.0516967773438
    ]
  }
}