{
  "image_size": {
    "w": 1920,
    "h": 1080
  },
  "line1": {
    "abc": [
      0.9995554089536207,
      0.029815882444351894,
      -1389.0013541869362
    ],
    "p1": [
      1389.6191664262062,
      0.0
    ],
    "p2": [
      1357.433519818447,
      1079.0
    ],
    "inliers": 3118,
    "centroid": [
      1373.3421630859375,
      545.6744995117188
    ]
  },
  "line2": {
    "abc": [
      0.9999958276738656,
      0.0028964139055431726,
      -602.9416561734724
    ],
    "p1": [
      602.9441718531982,
      0.0
    ],
    "p2": [
      599.8189282095814,
      1079.0
    ],
    "inliers": 2403,
    "centroid": [
      601.277587890625,
      575.3932495117188
    ]
  }
}