{
  "image_size": {
    "w": 1920,
    "h": 1080
  },
  "line1": {
    "abc": [
      0.9999529123296274,
      -0.009705847129216023,
      -577.7359478072835
    ],
    "p1": [
      577.7631533282009,
      0.0
    ],
    "p2": [
      588.2362555346095,
      1079.0
    ],
    "inliers": 3274,
    "centroid": [
      583.5296020507812,
      594.0931396484375
    ]
  },
  "line2": {
    "abc": [
      -0.9991666078557513,
      0.04081825539465637,
      1351.3877630419802
    ],
    "p1": [
      1352.514938366594,
      0.0
    ],
    "p2": [
      1396.5945715574508,
      1079.0
    ],
    "inliers": 2742,
    "centroid": [
      1372.499267578125,
      489.1849060058594
    ]
  }
}