{
  "image_size": {
    "w": 1920,
    "h": 1080
  },
  "line1": {
    "abc": [
      0.9998314380635753,
      -0.018358726054411648,
      -575.0613042524452
    ],
    "p1": [
      575.1582540414971,
      0.0
    ],
    "p2": [
      594.9706590715643,
      1079.0
    ],
    "inliers": 3351,
    "centroid": [
      585.7803344726562,
      578.4873046875
    ]
  },
  "line2": {
    "abc": [
      -0.9984689950933008,
      0.05531470850104522,
      1342.903984130305
    ],
    "p1": [
      1344.963129280563,
      0.0
    ],
    "p2": [
      1404.7392172371556,
      1079.0
    ],
    "inliers": 2592,
    "centroid": [
      1372.3514404296875,
      494.3780822753906
    ]
  }
}