{
  "image_size": {
    "w": 1920,
    "h": 1080
  },
  "line1": {
    "abc": [
      0.999871551989509,
      -0.01602645777164287,
      -563.1390997197616
    ],
    "p1": [
      563.2114431091147,
      0.0
    ],
    "p2": [
      580.5062125234406,
      1079.0
    ],
    "inliers": 2984,
    "centroid": [
      572.6189575195312,
      586.923583984375
    ]
  },
  "line2": {
    "abc": [
      -0.9990755915631793,
      0.04298827052112095,
      1336.2013263100157
    ],
    "p1": [
      1337.437664971237,
      0.0
    ],
    "p2": [
      1383.8649266158893,
      1079.0
    ],
    "inliers": 2738,
    "centroid": [
      1359.33642578125,
      508.9415588378906
    ]
  }
}