{
  "image_size": {
    "w": 1920,
    "h": 1080
  },
  "line1": {
    "abc": [
      -0.9998509883870615,
      0.01726388372479143,
      567.0928057013792
    ],
    "p1": [
      567.1773217089092,
      0.0
    ],
    "p2": [
      585.8078284098125,
      1079.0
    ],
    "inliers": 3346,
    "centroid": [
      577.0995483398438,
      574.6533203125
    ]
  },
  "line2": {
    "abc": [
      -0.9987678527822043,
      0.049626186490009265,
      1338.1028456180873
    ],
    "p1": [
      1339.753619312655,
      0.0
    ],
    "p2": [
      1393.3663332917429,
      1079.0
    ],
    "inliers": 2741,
    "centroid": [
      1367.1988525390625,
      552.35791015625
    ]
  }
}