{
  "image_size": {
    "w": 1920,
    "h": 1080
  },
  "line1": {
    "abc": [
      0.9998979568471446,
      -0.014287251047775762,
      -566.7731875720106
    ],
    "p1": [
      566.8310287973253,
      0.0
    ],
    "p2": [
      582.2485459299328,
      1079.0
    ],
    "inliers": 3048,
    "centroid": [
      575.6824340820312,
      619.468505859375
    ]
  },
  "line2": {
    "abc": [
      -0.9990020990361713,
      0.04466389119620625,
      1336.9840145623236
    ],
    "p1": [
      1338.3195249061382,
      0.0
    ],
    "p2": [
      1386.5600027261569,
      1079.0
    ],
    "inliers": 2817,
    "centroid": [
      1361.7657470703125,
      524.4241943359375
    ]
  }
}