{
  "image_size": {
    "w": 1920,
    "h": 1080
  },
  "line1": {
    "abc": [
      0.9999051094045176,
      -0.013776519335792593,
      -572.021034254875
    ],
    "p1": [
      572.0753188225389,
      0.0
    ],
    "p2": [
      586.9415938555495,
      1079.0
    ],
    "inliers": 3069,
    "centroid": [
      580.5203857421875,
      612.9462280273438
    ]
  },
  "line2": {
    "abc": [
      -0.9990322589864277,
      0.04398352652783764,
      1348.4758017121837
    ],
    "p1": [
      1349.7820411527907,
      0.0
    ],
    "p2": [
      1397.2862380359682,
      1079.0
    ],
    "inliers": 2868,
    "centroid": [
      1372.3114013671875,
      511.72698974609375
    ]
  }
}