{
  "image_size": {
    "w": 1920,
    "h": 1080
  },
  "line1": {
    "abc": [
      0.9998869895925059,
      -0.015031930059179532,
      -570.4658048521026
    ],
    "p1": [
      570.5302807116135,
      0.0
    ],
    "p2": [
      586.7515664195761,
      1079.0
    ],
    "inliers": 2878,
    "centroid": [
      579.1865844726562,
      575.7960205078125
    ]
  },
  "line2": {
    "abc": [
      -0.9985505342473534,
      0.053822226822322426,
      1339.0613847840243
    ],
    "p1": [
      1341.0051257879775,
      0.0
    ],
    "p2": [
      1399.1636072563779,
      1079.0
    ],
    "inliers": 2424,
    "centroid": [
      1370.7413330078125,
      551.6885375976562
    ]
  }
}