{
  "image_size": {
    "w": 1920,
    "h": 1080
  },
  "line1": {
    "abc": [
      -0.9998651146878733,
      0.01642447523771074,
      563.6912006800368
    ],
    "p1": [
      563.7672446007915,
      0.0
    ],
    "p2": [
      581.491644143446,
      1079.0
    ],
    "inliers": 2964,
    "centroid": [
      573.65283203125,
      601.80029296875
    ]
  },
  "line2": {
    "abc": [
      -0.999043583868935,
      0.04372511059041419,
      1335.7707030589438
    ],
    "p1": [
      1337.0494787484508,
      0.0
    ],
    "p2": [
      1384.2740394071043,
      1079.0
    ],
    "inliers": 2593,
    "centroid": [
      1358.3775634765625,
      487.31005859375
    ]
  }
}