{
  "image_size": {
    "w": 1920,
    "h": 1080
  },
  "line1": {
    "abc": [
      -0.9998650550832285,
      0.01642840541897561,
      566.1387224143517
    ],
    "p1": [
      566.2151302679805,
      0.0
    ],
    "p2": [
      583.9437721051523,
      1079.0
    ],
    "inliers": 3397,
    "centroid": [
      575.7686157226562,
      581.4439086914062
    ]
  },
  "line2": {
    "abc": [
      0.9987663626660849,
      -0.049656197428653646,
      -1336.2870099440984
    ],
    "p1": [
      1337.937539643449,
      0.0
    ],
    "p2": [
      1391.5827554099217,
      1079.0
    ],
    "inliers": 3113,
    "centroid": [
      1365.2705078125,
      549.7651977539062
    ]
  }
}