{
  "image_size": {
    "w": 1920,
    "h": 1080
  },
  "line1": {
    "abc": [
      0.9999104142179026,
      -0.013385002501295531,
      -566.6144979713315
    ],
    "p1": [
      566.6652631221157,
      0.0
    ],
    "p2": [
      581.1089747722182,
      1079.0
    ],
    "inliers": 2970,
    "centroid": [
      574.782470703125,
      606.3861694335938
    ]
  },
  "line2": {
    "abc": [
      -0.999079644679024,
      0.042893372476058025,
      1340.869745864336
    ],
    "p1": [
      1342.1049593049406,
      0.0
    ],
    "p2": [
      1388.4295432839642,
      1079.0
    ],
    "inliers": 2234,
    "centroid": [
      1362.62353515625,
      477.922119140625
    ]
  }
}