{
  "image_size": {
    "w": 1920,
    "h": 1080
  },
  "line1": {
    "abc": [
      0.999927818774177,
      -0.012012403458344844,
      -574.1298182994318
    ],
    "p1": [
      574.1712626850048,
      0.0
    ],
    "p2": [
      587.1335816526314,
      1079.0
    ],
    "inliers": 3221,
    "centroid": [
      581.5991821289062,
      618.3095092773438
    ]
  },
  "line2": {
    "abc": [
      -0.999080955981209,
      0.0428629815578032,
      1348.694048616906
    ],
    "p1": [
      1349.934698026886,
      0.0
    ],
    "p2": [
      1396.2263992388744,
      1079.0
    ],
    "inliers": 2921,
    "centroid": [
      1369.8634033203125,
      464.5124816894531
    ]
  }
}