{
  "image_size": {
    "w": 1920,
    "h": 1080
  },
  "line1": {
    "abc": [
      0.9999063014974131,
      -0.013690589927123206,
      -565.730379335994
    ],
    "p1": [
      565.7833923926497,
      0.0
    ],
    "p2": [
      580.5569231817285,
      1079.0
    ],
    "inliers": 3235,
    "centroid": [
      574.5087890625,
      637.268310546875
    ]
  },
  "line2": {
    "abc": [
      -0.999079108237221,
      0.0429067239164877,
      1335.974767816671
    ],
    "p1": [
      1337.2061899821626,
      0.0
    ],
    "p2": [
      1383.5452183175419,
      1079.0
    ],
    "inliers": 2501,
    "centroid": [
      1358.5865478515625,
      497.83966064453125
    ]
  }
}