{
  "image_size": {
    "w": 1920,
    "h": 1080
  },
  "line1": {
    "abc": [
      0.999871551989509,
      -0.01602769084273166,
      -572.3016750880729
    ],
    "p1": [
      572.3751955431948,
      0.0
    ],
    "p2": [
      589.6712956121454,
      1079.0
    ],
    "inliers": 3304,
    "centroid": [
      581.886474609375,
      593.3516845703125
    ]
  },
  "line2": {
    "abc": [
      -0.9985479712476281,
      0.053869362920468816,
      1340.851830555337
    ],
    "p1": [
      1342.8016171121153,
      0.0
    ],
    "p2": [
      1401.0111816646945,
      1079.0
    ],
    "inliers": 2757,
    "centroid": [
      1371.8382568359375,
      538.2368774414062
    ]
  }
}