{
  "image_size": {
    "w": 1920,
    "h": 1080
  },
  "line1": {
    "abc": [
      0.9998810887326731,
      -0.015420023351892308,
      -574.9088152667015
    ],
    "p1": [
      574.9771865326361,
      0.0
    ],
    "p2": [
      591.6173704346843,
      1079.0
    ],
    "inliers": 3193,
    "centroid": [
      583.9595947265625,
      582.4465942382812
    ]
  },
  "line2": {
    "abc": [
      -0.9989614486684345,
      0.045562807470514506,
      1348.9744344817932
    ],
    "p1": [
      1350.3768701784322,
      0.0
    ],
    "p2": [
      1399.5902500603247,
      1079.0
    ],
    "inliers": 2793,
    "centroid": [
      1374.91259765625,
      537.9441528320312
    ]
  }
}