{
  "image_size": {
    "w": 1920,
    "h": 1080
  },
  "line1": {
    "abc": [
      0.999934196471168,
      -0.011473049409676046,
      -568.6152841744827
    ],
    "p1": [
      568.6527035290547,
      0.0
    ],
    "p2": [
      581.0329385052444,
      1079.0
    ],
    "inliers": 3083,
    "centroid": [
      575.526123046875,
      599.05322265625
    ]
  },
  "line2": {
    "abc": [
      0.9989759922017597,
      -0.04524336010213142,
      -1341.12454655381
    ],
    "p1": [
      1342.4992762818545,
      0.0
    ],
    "p2": [
      1391.3669026625496,
      1079.0
    ],
    "inliers": 2789,
    "centroid": [
      1363.9107666015625,
      472.7669372558594
    ]
  }
}