{
  "image_size": {
    "w": 1920,
    "h": 1080
  },
  "line1": {
    "abc": [
      -0.9990277290334247,
      0.044086623936847466,
      1347.1554640673596
    ],
    "p1": [
      1348.466538932562,
      0.0
    ],
    "p2": [
      1396.0823015839978,
      1079.0
    ],
    "inliers": 3056,
    "centroid": [
      1371.604736328125,
      524.3245849609375
    ]
  },
  "line2": {
    "abc": [
      0.9999010562886729,
      -0.01406774576751971,
      -573.5531725598894
    ],
    "p1": [
      573.6099276549857,
      0.0
    ],
    "p2": [
      588.7905273630147,
      1079.0
    ],
    "inliers": 3047,
    "centroid": [
      581.9835815429688,
      595.1788940429688
    ]
  }
}