{
  "image_size": {
    "w": 1920,
    "h": 1080
  },
  "line1": {
    "abc": [
      -0.9998454451550974,
      0.01758000627158314,
      568.59184926724
    ],
    "p1": [
      568.6797414764832,
      0.0
    ],
    "p2": [
      587.6515004207826,
      1079.0
    ],
    "inliers": 3193,
    "centroid": [
      579.3072509765625,
      604.4290771484375
    ]
  },
  "line2": {
    "abc": [
      -0.9987171292295005,
      0.050636548548886204,
      1336.3592338537255
    ],
    "p1": [
      1338.0758122019117,
      0.0
    ],
    "p2": [
      1392.7828301203888,
      1079.0
    ],
    "inliers": 3090,
    "centroid": [
      1365.181884765625,
      534.6197509765625
    ]
  }
}