{
  "image_size": {
    "w": 1920,
    "h": 1080
  },
  "line1": {
    "abc": [
      0.9998862743367686,
      -0.015080763027056871,
      -574.4194554561823
    ],
    "p1": [
      574.4847891198413,
      0.0
    ],
    "p2": [
      590.7587831968056,
      1079.0
    ],
    "inliers": 3159,
    "centroid": [
      583.6337280273438,
      606.5938720703125
    ]
  },
  "line2": {
    "abc": [
      -0.99909794330497,
      0.04246509075160548,
      1351.2654458902855
    ],
    "p1": [
      1352.485464458431,
      0.0
    ],
    "p2": [
      1398.346666784013,
      1079.0
    ],
    "inliers": 2955,
    "centroid": [
      1373.8592529296875,
      502.8720703125
    ]
  }
}