{
  "image_size": {
    "w": 1920,
    "h": 1080
  },
  "line1": {
    "abc": [
      0.9998897910108103,
      -0.01484776195137208,
      -562.7723131851392
    ],
    "p1": [
      562.8343425891171,
      0.0
    ],
    "p2": [
      578.8568435582837,
      1079.0
    ],
    "inliers": 3113,
    "centroid": [
      572.191162109375,
      630.1143798828125
    ]
  },
  "line2": {
    "abc": [
      -0.9991196393956683,
      0.04195207357402421,
      1337.306187166992
    ],
    "p1": [
      1338.4845362221893,
      0.0
    ],
    "p2": [
      1383.7907093785414,
      1079.0
    ],
    "inliers": 2366,
    "centroid": [
      1356.614501953125,
      431.7785339355469
    ]
  }
}