{
  "image_size": {
    "w": 1920,
    "h": 1080
  },
  "line1": {
    "abc": [
      -0.9998680949201121,
      0.01624137349425122,
      573.1585046135566
    ],
    "p1": [
      573.2341171055679,
      0.0
    ],
    "p2": [
      590.7608709737341,
      1079.0
    ],
    "inliers": 3476,
    "centroid": [
      582.5722045898438,
      574.8809204101562
    ]
  },
  "line2": {
    "abc": [
      -0.998474776743844,
      0.055210251361076455,
      1342.1013961732301
    ],
    "p1": [
      1344.1515273425305,
      0.0
    ],
    "p2": [
      1403.8143877433442,
      1079.0
    ],
    "inliers": 2647,
    "centroid": [
      1371.948974609375,
      502.71551513671875
    ]
  }
}