{
  "image_size": {
    "w": 1920,
    "h": 1080
  },
  "line1": {
    "abc": [
      0.999928891657783,
      -0.011926992796349518,
      -565.4560132294761
    ],
    "p1": [
      565.4962247285465,
      0.0
    ],
    "p2": [
      578.3663651301557,
      1079.0
    ],
    "inliers": 3033,
    "centroid": [
      572.7652587890625,
      609.4174194335938
    ]
  },
  "line2": {
    "abc": [
      -0.9990294575681232,
      0.04404713585968381,
      1335.1376704486177
    ],
    "p1": [
      1336.4347370683765,
      0.0
    ],
    "p2": [
      1384.0077683064048,
      1079.0
    ],
    "inliers": 2684,
    "centroid": [
      1356.4876708984375,
      454.8189392089844
    ]
  }
}