{
  "image_size": {
    "w": 1920,
    "h": 1080
  },
  "line1": {
    "abc": [
      -0.9989506602277302,
      0.04579919949169347,
      1345.5662983793252
    ],
    "p1": [
      1346.9797377906305,
      0.0
    ],
    "p2": [
      1396.4489840898138,
      1079.0
    ],
    "inliers": 3186,
    "centroid": [
      1370.693603515625,
      517.2357177734375
    ]
  },
  "line2": {
    "abc": [
      0.9998899102200999,
      -0.014838773757204474,
      -573.4358315776224
    ],
    "p1": [
      573.4989679527772,
      0.0
    ],
    "p2": [
      589.5117676823986,
      1079.0
    ],
    "inliers": 3139,
    "centroid": [
      582.093994140625,
      579.1637573242188
    ]
  }
}