{
  "image_size": {
    "w": 1920,
    "h": 1080
  },
  "line1": {
    "abc": [
      -0.9998580813397898,
      0.016846057027561506,
      567.9032659437923
    ],
    "p1": [
      567.9838734541339,
      0.0
    ],
    "p2": [
      586.1633489936847,
      1079.0
    ],
    "inliers": 3190,
    "centroid": [
      578.0545654296875,
      597.7222290039062
    ]
  },
  "line2": {
    "abc": [
      -0.9990952014913104,
      0.04252992942925014,
      1345.0154174937811
    ],
    "p1": [
      1346.2334875456604,
      0.0
    ],
    "p2": [
      1392.1648400190413,
      1079.0
    ],
    "inliers": 2512,
    "centroid": [
      1364.916748046875,
      438.8992919921875
    ]
  }
}