{
  "image_size": {
    "w": 1920,
    "h": 1080
  },
  "line1": {
    "abc": [
      0.99996018409629,
      -0.008923602290442601,
      -575.8047306194157
    ],
    "p1": [
      575.827657717989,
      0.0
    ],
    "p2": [
      585.4566079747328,
      1079.0
    ],
    "inliers": 3375,
    "centroid": [
      581.0130615234375,
      581.0654907226562
    ]
  },
  "line2": {
    "abc": [
      -0.9989101886739278,
      0.04667337611312967,
      1344.824330584709
    ],
    "p1": [
      1346.2915343470356,
      0.0
    ],
    "p2": [
      1396.707050573696,
      1079.0
    ],
    "inliers": 3027,
    "centroid": [
      1371.525634765625,
      540.0637817382812
    ]
  }
}