{
  "image_size": {
    "w": 1920,
    "h": 1080
  },
  "line1": {
    "abc": [
      0.9998455047597422,
      -0.01757778413592011,
      -564.8112014395914
    ],
    "p1": [
      564.8984755652951,
      0.0
    ],
    "p2": [
      583.8678353237464,
      1079.0
    ],
    "inliers": 2731,
    "centroid": [
      576.027099609375,
      633.009521484375
    ]
  },
  "line2": {
    "abc": [
      -0.9988809227933431,
      0.04729557409877815,
      1336.6918976110956
    ],
    "p1": [
      1338.1894349058878,
      0.0
    ],
    "p2": [
      1389.2785320025391,
      1079.0
    ],
    "inliers": 2581,
    "centroid": [
      1362.7369384765625,
      518.4424438476562
    ]
  }
}