{
  "image_size": {
    "w": 1920,
    "h": 1080
  },
  "line1": {
    "abc": [
      -0.9988846182813191,
      0.047218311577988135,
      1342.189586686239
    ],
    "p1": [
      1343.6883120651216,
      0.0
    ],
    "p2": [
      1394.6937608028459,
      1079.0
    ],
    "inliers": 2954,
    "centroid": [
      1368.2647705078125,
      519.9052124023438
    ]
  },
  "line2": {
    "abc": [
      0.9999381899823679,
      -0.011118326336134281,
      -571.6222746340596
    ],
    "p1": [
      571.6576088009391,
      0.0
    ],
    "p2": [
      583.6550244781025,
      1079.0
    ],
    "inliers": 2932,
    "centroid": [
      578.5310668945312,
      618.1715698242188
    ]
  }
}