{
  "image_size": {
    "w": 1920,
    "h": 1080
  },
  "line1": {
    "abc": [
      -0.9998663663854136,
      0.01634698919950281,
      569.074667715979
    ],
    "p1": [
      569.1507253846567,
      0.0
    ],
    "p2": [
      586.7914841292752,
      1079.0
    ],
    "inliers": 3520,
    "centroid": [
      579.0244140625,
      603.9258422851562
    ]
  },
  "line2": {
    "abc": [
      -0.9986416697492149,
      0.05210343003267799,
      1332.9393754263913
    ],
    "p1": [
      1334.7524100022056,
      0.0
    ],
    "p2": [
      1391.0484796618844,
      1079.0
    ],
    "inliers": 2983,
    "centroid": [
      1364.035888671875,
      561.2625122070312
    ]
  }
}