{
  "image_size": {
    "w": 1920,
    "h": 1080
  },
  "line1": {
    "abc": [
      -0.9998804926862254,
      0.015457929112001695,
      571.201092270025
    ],
    "p1": [
      571.2693631370553,
      0.0
    ],
    "p2": [
      587.9504621622403,
      1079.0
    ],
    "inliers": 3346,
    "centroid": [
      580.5447998046875,
      599.9722290039062
    ]
  },
  "line2": {
    "abc": [
      0.9985181689252404,
      -0.05441886186594289,
      -1333.5828332845826
    ],
    "p1": [
      1335.5619104257169,
      0.0
    ],
    "p2": [
      1394.3670015905113,
      1079.0
    ],
    "inliers": 2923,
    "centroid": [
      1364.73828125,
      535.3499755859375
    ]
  }
}