{
  "image_size": {
    "w": 1920,
    "h": 1080
  },
  "line1": {
    "abc": [
      -0.9998506903638377,
      0.017278483137471084,
      568.065805665682
    ],
    "p1": [
      568.1506360304331,
      0.0
    ],
    "p2": [
      586.7969034031615,
      1079.0
    ],
    "inliers": 2852,
    "centroid": [
      579.1546020507812,
      636.764404296875
    ]
  },
  "line2": {
    "abc": [
      -0.9990633726110003,
      0.043270301073746326,
      1342.8767987872786
    ],
    "p1": [
      1344.135753148211,
      0.0
    ],
    "p2": [
      1390.868178876675,
      1079.0
    ],
    "inliers": 2383,
    "centroid": [
      1363.0419921875,
      436.5241394042969
    ]
  }
}