{
  "image_size": {
    "w": 1920,
    "h": 1080
  },
  "line1": {
    "abc": [
      0.9998919367780222,
      -0.014699411578461729,
      -564.1324343847692
    ],
    "p1": [
      564.1934029417097,
      0.0
    ],
    "p2": [
      580.055782174678,
      1079.0
    ],
    "inliers": 3052,
    "centroid": [
      573.311279296875,
      620.2214965820312
    ]
  },
  "line2": {
    "abc": [
      -0.9990864992131732,
      0.04273346066470641,
      1338.64048020452
    ],
    "p1": [
      1339.86444743149,
      0.0
    ],
    "p2": [
      1386.0160109783214,
      1079.0
    ],
    "inliers": 2595,
    "centroid": [
      1359.5819091796875,
      460.98419189453125
    ]
  }
}