{
  "image_size": {
    "w": 1920,
    "h": 1080
  },
  "line1": {
    "abc": [
      -0.9999111890782847,
      0.013328530825661204,
      571.9054705023627
    ],
    "p1": [
      571.9562664655684,
      0.0
    ],
    "p2": [
      586.3390285728163,
      1079.0
    ],
    "inliers": 3055,
    "centroid": [
      579.8978881835938,
      595.7833251953125
    ]
  },
  "line2": {
    "abc": [
      -0.99918681383033,
      0.04032063484187862,
      1347.7507389025468
    ],
    "p1": [
      1348.8476031183952,
      0.0
    ],
    "p2": [
      1392.3889753544931,
      1079.0
    ],
    "inliers": 2637,
    "centroid": [
      1367.6318359375,
      465.49261474609375
    ]
  }
}