{
  "image_size": {
    "w": 1920,
    "h": 1080
  },
  "line1": {
    "abc": [
      -0.9998831748952403,
      0.015285947360083074,
      567.7847304162303
    ],
    "p1": [
      567.8510696769333,
      0.0
    ],
    "p2": [
      584.3465339628062,
      1079.0
    ],
    "inliers": 3155,
    "centroid": [
      576.954345703125,
      595.4627685546875
    ]
  },
  "line2": {
    "abc": [
      0.9987531900395895,
      -0.04992051422590985,
      -1335.9761668194212
    ],
    "p1": [
      1337.6439546255313,
      0.0
    ],
    "p2": [
      1391.5754317781816,
      1079.0
    ],
    "inliers": 3068,
    "centroid": [
      1365.6783447265625,
      560.88037109375
    ]
  }
}