{
  "image_size": {
    "w": 1920,
    "h": 1080
  },
  "line1": {
    "abc": [
      0.9998753666867747,
      -0.015788165852411693,
      -567.4370924055586
    ],
    "p1": [
      567.5078227857937,
      0.0
    ],
    "p2": [
      584.5453771874002,
      1079.0
    ],
    "inliers": 3021,
    "centroid": [
      577.2429809570312,
      616.5342407226562
    ]
  },
  "line2": {
    "abc": [
      -0.9990500807752155,
      0.04357741773124151,
      1343.3152829935616
    ],
    "p1": [
      1344.592537294239,
      0.0
    ],
    "p2": [
      1391.657278728947,
      1079.0
    ],
    "inliers": 2436,
    "centroid": [
      1363.024169921875,
      422.5611572265625
    ]
  }
}