{
  "image_size": {
    "w": 1920,
    "h": 1080
  },
  "line1": {
    "abc": [
      0.9998897314061655,
      -0.014851944521054674,
      -565.4812252574553
    ],
    "p1": [
      565.5435869535407,
      0.0
    ],
    "p2": [
      581.5706023682119,
      1079.0
    ],
    "inliers": 2865,
    "centroid": [
      575.1884765625,
      649.3308715820312
    ]
  },
  "line2": {
    "abc": [
      -0.9990699291219256,
      0.04311969503756025,
      1338.0534417305823
    ],
    "p1": [
      1339.2990848063926,
      0.0
    ],
    "p2": [
      1385.8685486540521,
      1079.0
    ],
    "inliers": 2570,
    "centroid": [
      1361.127197265625,
      505.7505798339844
    ]
  }
}