{
  "image_size": {
    "w": 1920,
    "h": 1080
  },
  "line1": {
    "abc": [
      -0.9999229311933054,
      0.01241398230193804,
      565.5726510817057
    ],
    "p1": [
      565.6162424505584,
      0.0
    ],
    "p2": [
      579.0119617464504,
      1079.0
    ],
    "inliers": 3013,
    "centroid": [
      572.6585083007812,
      567.2412719726562
    ]
  },
  "line2": {
    "abc": [
      -0.9989482164372944,
      0.045852914452506936,
      1340.3063249937427
    ],
    "p1": [
      1341.7175214285753,
      0.0
    ],
    "p2": [
      1391.2449082141552,
      1079.0
    ],
    "inliers": 2761,
    "centroid": [
      1363.627685546875,
      477.3332214355469
    ]
  }
}