{
  "image_size": {
    "w": 1920,
    "h": 1080
  },
  "line1": {
    "abc": [
      0.9998458623876109,
      -0.017557099461537922,
      -567.8024178846223
    ],
    "p1": [
      567.8899510857824,
      0.0
    ],
    "p2": [
      586.8369818548664,
      1079.0
    ],
    "inliers": 3033,
    "centroid": [
      578.8704223632812,
      625.3184814453125
    ]
  },
  "line2": {
    "abc": [
      -0.9989659190167927,
      0.04546574875707848,
      1342.1359660884245
    ],
    "p1": [
      1343.525280030963,
      0.0
    ],
    "p2": [
      1392.6336049247402,
      1079.0
    ],
    "inliers": 2560,
    "centroid": [
      1363.5191650390625,
      439.3023376464844
    ]
  }
}