{
  "image_size": {
    "w": 1920,
    "h": 1080
  },
  "line1": {
    "abc": [
      -0.9998295307149425,
      0.0184621307998711,
      580.4156088157247
    ],
    "p1": [
      580.5145687192197,
      0.0
    ],
    "p2": [
      600.4386042883796,
      1079.0
    ],
    "inliers": 3310,
    "centroid": [
      592.1011962890625,
      627.4818725585938
    ]
  },
  "line2": {
    "abc": [
      -0.9984760284413843,
      0.05518737807864392,
      1348.3531032842675
    ],
    "p1": [
      1350.4110913799698,
      0.0
    ],
    "p2": [
      1410.04915904576,
      1079.0
    ],
    "inliers": 2562,
    "centroid": [
      1378.773193359375,
      513.1405029296875
    ]
  }
}