{
  "image_size": {
    "w": 1920,
    "h": 1080
  },
  "line1": {
    "abc": [
      0.9999142289151682,
      -0.01309764012693049,
      -593.9646143309222
    ],
    "p1": [
      594.0155636902269,
      0.0
    ],
    "p2": [
      608.1491296384688,
      1079.0
    ],
    "inliers": 3315,
    "centroid": [
      601.9638061523438,
      606.7933349609375
    ]
  },
  "line2": {
    "abc": [
      -0.9986428618421104,
      0.052081495523400675,
      1367.4789584899493
    ],
    "p1": [
      1369.3373384429733,
      0.0
    ],
    "p2": [
      1425.6096414023011,
      1079.0
    ],
    "inliers": 2160,
    "centroid": [
      1394.77685546875,
      487.7930603027344
    ]
  }
}