{
  "image_size": {
    "w": 1920,
    "h": 1080
  },
  "line1": {
    "abc": [
      0.9999000430097117,
      -0.01413880754260795,
      -567.2628703081647
    ],
    "p1": [
      567.3195778656998,
      0.0
    ],
    "p2": [
      582.576876277803,
      1079.0
    ],
    "inliers": 2928,
    "centroid": [
      576.1280517578125,
      622.9375
    ]
  },
  "line2": {
    "abc": [
      -0.9989776015271686,
      0.04520771652455577,
      1335.044260699495
    ],
    "p1": [
      1336.4106048609806,
      0.0
    ],
    "p2": [
      1385.2396537359757,
      1079.0
    ],
    "inliers": 2200,
    "centroid": [
      1357.7613525390625,
      471.7981872558594
    ]
  }
}