{
  "image_size": {
    "w": 1920,
    "h": 1080
  },
  "line1": {
    "abc": [
      0.999912977217628,
      -0.013192600570605912,
      -569.3388927501258
    ],
    "p1": [
      569.3884425166441,
      0.0
    ],
    "p2": [
      583.6244973934332,
      1079.0
    ],
    "inliers": 3164,
    "centroid": [
      577.5581665039062,
      619.2117309570312
    ]
  },
  "line2": {
    "abc": [
      -0.9990996718396685,
      0.04242461547251273,
      1342.7887788179937
    ],
    "p1": [
      1343.9988188020134,
      0.0
    ],
    "p2": [
      1389.8162296020314,
      1079.0
    ],
    "inliers": 2387,
    "centroid": [
      1362.060791015625,
      425.35943603515625
    ]
  }
}