{
  "image_size": {
    "w": 1920,
    "h": 1080
  },
  "line1": {
    "abc": [
      0.9998816847791209,
      -0.015382817015036458,
      -575.2992412396617
    ],
    "p1": [
      575.367315950735,
      0.0
    ],
    "p2": [
      591.9673395454175,
      1079.0
    ],
    "inliers": 3316,
    "centroid": [
      584.091064453125,
      567.0428466796875
    ]
  },
  "line2": {
    "abc": [
      -0.9991943240155717,
      0.04013390466566841,
      1352.2500121095604
    ],
    "p1": [
      1353.3403659411565,
      0.0
    ],
    "p2": [
      1396.679766589695,
      1079.0
    ],
    "inliers": 2961,
    "centroid": [
      1373.983154296875,
      513.9334716796875
    ]
  }
}