{
  "image_size": {
    "w": 1920,
    "h": 1080
  },
  "line1": {
    "abc": [
      0.9998876452435984,
      -0.014991733245536593,
      -565.9123776178543
    ],
    "p1": [
      565.9759677098355,
      0.0
    ],
    "p2": [
      582.1538655455399,
      1079.0
    ],
    "inliers": 3259,
    "centroid": [
      575.1798095703125,
      613.8588256835938
    ]
  },
  "line2": {
    "abc": [
      -0.9989705681790851,
      0.04536280781026118,
      1339.7706121281403
    ],
    "p1": [
      1341.1512358870218,
      0.0
    ],
    "p2": [
      1390.1481444911371,
      1079.0
    ],
    "inliers": 2322,
    "centroid": [
      1362.7376708984375,
      475.3721008300781
    ]
  }
}