{
  "image_size": {
    "w": 1920,
    "h": 1080
  },
  "line1": {
    "abc": [
      -0.9998760223378672,
      0.015745949000104415,
      567.6184149237994
    ],
    "p1": [
      567.6887956535035,
      0.0
    ],
    "p2": [
      584.6807812512656,
      1079.0
    ],
    "inliers": 2983,
    "centroid": [
      577.574951171875,
      627.7760620117188
    ]
  },
  "line2": {
    "abc": [
      -0.9989710450162433,
      0.04535196721549267,
      1336.7917202755557
    ],
    "p1": [
      1338.1686355622244,
      0.0
    ],
    "p2": [
      1387.1538117288878,
      1079.0
    ],
    "inliers": 2329,
    "centroid": [
      1358.0489501953125,
      437.9051208496094
    ]
  }
}