{
  "image_size": {
    "w": 1920,
    "h": 1080
  },
  "line1": {
    "abc": [
      0.9998629093160166,
      -0.01655874028800262,
      -583.3886883563794
    ],
    "p1": [
      583.4686764763204,
      0.0
    ],
    "p2": [
      601.3380069658143,
      1079.0
    ],
    "inliers": 3502,
    "centroid": [
      593.36865234375,
      597.7881469726562
    ]
  },
  "line2": {
    "abc": [
      -0.9985165595998314,
      0.05444901064032831,
      1351.188217227987
    ],
    "p1": [
      1353.1956022537006,
      0.0
    ],
    "p2": [
      1412.0333670519724,
      1079.0
    ],
    "inliers": 2426,
    "centroid": [
      1383.3631591796875,
      553.2296142578125
    ]
  }
}