{
  "image_size": {
    "w": 1920,
    "h": 1080
  },
  "line1": {
    "abc": [
      -0.9998820424069895,
      0.015360370278343098,
      590.1210952217626
    ],
    "p1": [
      590.1907126976496,
      0.0
    ],
    "p2": [
      606.7665074688352,
      1079.0
    ],
    "inliers": 3559,
    "centroid": [
      599.072509765625,
      578.1598510742188
    ]
  },
  "line2": {
    "abc": [
      -0.9984491467465906,
      0.05567188933486139,
      1358.1815255126583
    ],
    "p1": [
      1360.2911374487546,
      0.0
    ],
    "p2": [
      1420.454410448738,
      1079.0
    ],
    "inliers": 2226,
    "centroid": [
      1386.9173583984375,
      477.52874755859375
    ]
  }
}