{
  "image_size": {
    "w": 1920,
    "h": 1080
  },
  "line1": {
    "abc": [
      0.9998939037312998,
      -0.014566780067965721,
      -573.6081673892048
    ],
    "p1": [
      573.6690315329193,
      0.0
    ],
    "p2": [
      589.3882549772087,
      1079.0
    ],
    "inliers": 3295,
    "centroid": [
      582.3805541992188,
      597.9769287109375
    ]
  },
  "line2": {
    "abc": [
      0.9983363151540309,
      -0.05765981599682764,
      -1334.9664166357034
    ],
    "p1": [
      1337.191081173617,
      0.0
    ],
    "p2": [
      1399.5097011779167,
      1079.0
    ],
    "inliers": 2947,
    "centroid": [
      1370.5643310546875,
      577.8327026367188
    ]
  }
}