{
  "image_size": {
    "w": 1920,
    "h": 1080
  },
  "line1": {
    "abc": [
      0.9999209046353831,
      -0.012576429173337757,
      -570.7961277753782
    ],
    "p1": [
      570.8412786744533,
      0.0
    ],
    "p2": [
      584.4123191588801,
      1079.0
    ],
    "inliers": 2665,
    "centroid": [
      578.6240234375,
      618.786865234375
    ]
  },
  "line2": {
    "abc": [
      -0.9991322755803607,
      0.041650343686300585,
      1341.056738992005
    ],
    "p1": [
      1342.2214172923525,
      0.0
    ],
    "p2": [
      1387.2011681580861,
      1079.0
    ],
    "inliers": 2208,
    "centroid": [
      1359.0489501953125,
      403.6684875488281
    ]
  }
}