{
  "image_size": {
    "w": 1920,
    "h": 1080
  },
  "line1": {
    "abc": [
      0.9999364018430247,
      -0.011277897283423589,
      -569.7353953425309
    ],
    "p1": [
      569.7716317682082,
      0.0
    ],
    "p2": [
      581.9412569027519,
      1079.0
    ],
    "inliers": 2977,
    "centroid": [
      576.4631958007812,
      593.296630859375
    ]
  },
  "line2": {
    "abc": [
      -0.9990788698186419,
      0.042911097407298086,
      1344.3596607790541
    ],
    "p1": [
      1345.5991327522415,
      0.0
    ],
    "p2": [
      1391.9428954932946,
      1079.0
    ],
    "inliers": 2592,
    "centroid": [
      1367.0501708984375,
      499.4344177246094
    ]
  }
}