{
  "image_size": {
    "w": 1920,
    "h": 1080
  },
  "line1": {
    "abc": [
      -0.99896663427253,
      0.045449603348924957,
      1345.394475629883
    ],
    "p1": [
      1346.7861983294663,
      0.0
    ],
    "p2": [
      1395.8770491457221,
      1079.0
    ],
    "inliers": 3051,
    "centroid": [
      1371.1602783203125,
      535.73388671875
    ]
  },
  "line2": {
    "abc": [
      0.999934196471168,
      -0.011472718790162057,
      -573.8982760957327
    ],
    "p1": [
      573.9360431126935,
      0.0
    ],
    "p2": [
      586.3159213269513,
      1079.0
    ],
    "inliers": 3001,
    "centroid": [
      580.8930053710938,
      606.3518676757812
    ]
  }
}