{
  "image_size": {
    "w": 1920,
    "h": 1080
  },
  "line1": {
    "abc": [
      0.999895989893867,
      -0.014422155916676402,
      -570.6731563403468
    ],
    "p1": [
      570.7325182901478,
      0.0
    ],
    "p2": [
      586.2956432465201,
      1079.0
    ],
    "inliers": 2966,
    "centroid": [
      580.0526123046875,
      646.167236328125
    ]
  },
  "line2": {
    "abc": [
      -0.9990369677533649,
      0.043876659125045764,
      1347.0548220226658
    ],
    "p1": [
      1348.3533297590816,
      0.0
    ],
    "p2": [
      1395.7418816586066,
      1079.0
    ],
    "inliers": 2681,
    "centroid": [
      1369.580322265625,
      483.3218994140625
    ]
  }
}