{
  "image_size": {
    "w": 1920,
    "h": 1080
  },
  "line1": {
    "abc": [
      0.999880850314094,
      -0.015435309149309457,
      -591.9232673838952
    ],
    "p1": [
      591.9938032596119,
      0.0
    ],
    "p2": [
      608.6504864702895,
      1079.0
    ],
    "inliers": 3479,
    "centroid": [
      601.0068969726562,
      583.857421875
    ]
  },
  "line2": {
    "abc": [
      -0.9985879063596276,
      0.05312462896103314,
      1361.5707901244923
    ],
    "p1": [
      1363.4961744010361,
      0.0
    ],
    "p2": [
      1420.8987068009342,
      1079.0
    ],
    "inliers": 2072,
    "centroid": [
      1389.5135498046875,
      489.0506896972656
    ]
  }
}