{
  "image_size": {
    "w": 1920,
    "h": 1080
  },
  "line1": {
    "abc": [
      -0.9999128580083384,
      0.01320130471138826,
      563.70223332518
    ],
    "p1": [
      563.7513597414699,
      0.0
    ],
    "p2": [
      577.9968089018697,
      1079.0
    ],
    "inliers": 3099,
    "centroid": [
      571.7357177734375,
      604.7631225585938
    ]
  },
  "line2": {
    "abc": [
      -0.9990632534017108,
      0.043274085968689556,
      1338.776620705839
    ],
    "p1": [
      1340.0318910213523,
      0.0
    ],
    "p2": [
      1386.7684100567908,
      1079.0
    ],
    "inliers": 2797,
    "centroid": [
      1360.8848876953125,
      481.4304504394531
    ]
  }
}