{
  "image_size": {
    "w": 1920,
    "h": 1080
  },
  "line1": {
    "abc": [
      0.9998390078534617,
      -0.01794309169052237,
      -579.2537917970612
    ],
    "p1": [
      579.3470621241833,
      0.0
    ],
    "p2": [
      598.7107754640325,
      1079.0
    ],
    "inliers": 3620,
    "centroid": [
      589.554443359375,
      568.78369140625
    ]
  },
  "line2": {
    "abc": [
      -0.9984574317922144,
      0.05552294850343874,
      1347.5690931222
    ],
    "p1": [
      1349.6510218801577,
      0.0
    ],
    "p2": [
      1409.6528402127374,
      1079.0
    ],
    "inliers": 2428,
    "centroid": [
      1378.5728759765625,
      520.0955810546875
    ]
  }
}