{
  "image_size": {
    "w": 1920,
    "h": 1080
  },
  "line1": {
    "abc": [
      0.9998714923848643,
      -0.016033016145213304,
      -562.311477190214
    ],
    "p1": [
      562.3837477844328,
      0.0
    ],
    "p2": [
      579.6855956243213,
      1079.0
    ],
    "inliers": 3096,
    "centroid": [
      572.2374267578125,
      614.5077514648438
    ]
  },
  "line2": {
    "abc": [
      -0.9990129470815204,
      0.04441985487933485,
      1336.8831601567063
    ],
    "p1": [
      1338.204038358289,
      0.0
    ],
    "p2": [
      1386.1804169976454,
      1079.0
    ],
    "inliers": 2530,
    "centroid": [
      1358.009033203125,
      445.4189758300781
    ]
  }
}