{
  "image_size": {
    "w": 1920,
    "h": 1080
  },
  "line1": {
    "abc": [
      -0.9990525841702961,
      0.04351952299471318,
      1347.2701961028497
    ],
    "p1": [
      1348.5478316656827,
      0.0
    ],
    "p2": [
      1395.549927506607,
      1079.0
    ],
    "inliers": 3031,
    "centroid": [
      1370.658203125,
      507.5750427246094
    ]
  },
  "line2": {
    "abc": [
      0.9998682737340464,
      -0.016229111701233846,
      -569.2446951528523
    ],
    "p1": [
      569.3196895096852,
      0.0
    ],
    "p2": [
      586.8332080257144,
      1079.0
    ],
    "inliers": 2970,
    "centroid": [
      579.0929565429688,
      602.1265869140625
    ]
  }
}