{
  "image_size": {
    "w": 1920,
    "h": 1080
  },
  "line1": {
    "abc": [
      0.999891996382667,
      -0.014697824604794586,
      -571.6224174204191
    ],
    "p1": [
      571.6841613778198,
      0.0
    ],
    "p2": [
      587.5448271356685,
      1079.0
    ],
    "inliers": 3271,
    "centroid": [
      580.0476684570312,
      568.9688110351562
    ]
  },
  "line2": {
    "abc": [
      -0.9984995126714258,
      0.054760757833664485,
      1338.367883188342
    ],
    "p1": [
      1340.3791050509565,
      0.0
    ],
    "p2": [
      1399.554755066489,
      1079.0
    ],
    "inliers": 2697,
    "centroid": [
      1369.525390625,
      531.4490356445312
    ]
  }
}