{
  "image_size": {
    "w": 1920,
    "h": 1080
  },
  "line1": {
    "abc": [
      0.9999167323102488,
      -0.012906817719327416,
      -567.9129403705101
    ],
    "p1": [
      567.9602331069915,
      0.0
    ],
    "p2": [
      581.8878491465571,
      1079.0
    ],
    "inliers": 3342,
    "centroid": [
      575.4425659179688,
      579.671142578125
    ]
  },
  "line2": {
    "abc": [
      0.9989886283864521,
      -0.044962927699044086,
      -1341.303508824653
    ],
    "p1": [
      1342.6614384901472,
      0.0
    ],
    "p2": [
      1391.225553845123,
      1079.0
    ],
    "inliers": 2348,
    "centroid": [
      1364.84326171875,
      492.8368835449219
    ]
  }
}