{
  "image_size": {
    "w": 1920,
    "h": 1080
  },
  "line1": {
    "abc": [
      0.999898910521461,
      -0.014216720126555053,
      -562.9902561720567
    ],
    "p1": [
      563.0471743173013,
      0.0
    ],
    "p2": [
      578.3885661871584,
      1079.0
    ],
    "inliers": 3151,
    "centroid": [
      571.8939819335938,
      622.218994140625
    ]
  },
  "line2": {
    "abc": [
      -0.9990343451489948,
      0.04393659904594796,
      1341.1948454989272
    ],
    "p1": [
      1342.4912286663207,
      0.0
    ],
    "p2": [
      1389.9446426563147,
      1079.0
    ],
    "inliers": 2740,
    "centroid": [
      1365.0240478515625,
      512.353271484375
    ]
  }
}