{
  "image_size": {
    "w": 1920,
    "h": 1080
  },
  "line1": {
    "abc": [
      0.9998776912679209,
      -0.015640487894400215,
      -569.8025772387491
    ],
    "p1": [
      569.8722775944688,
      0.0
    ],
    "p2": [
      586.7504283777487,
      1079.0
    ],
    "inliers": 2945,
    "centroid": [
      579.2387084960938,
      598.7847290039062
    ]
  },
  "line2": {
    "abc": [
      -0.9986560344686057,
      0.05182761326427045,
      1334.6717761382351
    ],
    "p1": [
      1336.4679429874236,
      0.0
    ],
    "p2": [
      1392.4651960775773,
      1079.0
    ],
    "inliers": 2832,
    "centroid": [
      1364.1494140625,
      533.3887939453125
    ]
  }
}