{
  "image_size": {
    "w": 1920,
    "h": 1080
  },
  "line1": {
    "abc": [
      0.999902069567634,
      -0.013994714245186161,
      -566.5496619063259
    ],
    "p1": [
      566.605149793626,
      0.0
    ],
    "p2": [
      581.7069253875952,
      1079.0
    ],
    "inliers": 3066,
    "centroid": [
      575.0414428710938,
      602.7609252929688
    ]
  },
  "line2": {
    "abc": [
      -0.9990491271008991,
      0.043599136173681524,
      1340.5682523354621
    ],
    "p1": [
      1341.8441755968536,
      0.0
    ],
    "p2": [
      1388.9324184622628,
      1079.0
    ],
    "inliers": 2527,
    "centroid": [
      1361.796630859375,
      457.19903564453125
    ]
  }
}