{
  "image_size": {
    "w": 1920,
    "h": 1080
  },
  "line1": {
    "abc": [
      0.9998723268498911,
      -0.015980396419747585,
      -566.45621736687
    ],
    "p1": [
      566.5285478512008,
      0.0
    ],
    "p2": [
      583.7735973178975,
      1079.0
    ],
    "inliers": 3123,
    "centroid": [
      576.328857421875,
      613.1924438476562
    ]
  },
  "line2": {
    "abc": [
      -0.9988978505124593,
      0.0469369031488426,
      1336.2246074762859
    ],
    "p1": [
      1337.6989516903752,
      0.0
    ],
    "p2": [
      1388.399750046903,
      1079.0
    ],
    "inliers": 2292,
    "centroid": [
      1359.9991455078125,
      474.5863952636719
    ]
  }
}