{
  "image_size": {
    "w": 1920,
    "h": 1080
  },
  "line1": {
    "abc": [
      -0.9998867511739268,
      0.015048280358299464,
      564.7565067718388
    ],
    "p1": [
      564.820472027238,
      0.0
    ],
    "p2": [
      581.0594055740039,
      1079.0
    ],
    "inliers": 3137,
    "centroid": [
      573.8109741210938,
      597.3761596679688
    ]
  },
  "line2": {
    "abc": [
      -0.9989954829206013,
      0.044811226427510266,
      1340.4777087041793
    ],
    "p1": [
      1341.8255954323656,
      0.0
    ],
    "p2": [
      1390.2255273058577,
      1079.0
    ],
    "inliers": 2532,
    "centroid": [
      1363.9869384765625,
      494.0521240234375
    ]
  }
}