{
  "image_size": {
    "w": 1920,
    "h": 1080
  },
  "line1": {
    "abc": [
      0.9998548030843272,
      -0.0170415453612634,
      -565.2017411989923
    ],
    "p1": [
      565.2838186659424,
      0.0
    ],
    "p2": [
      583.6743163542876,
      1079.0
    ],
    "inliers": 3090,
    "centroid": [
      575.5809326171875,
      604.148193359375
    ]
  },
  "line2": {
    "abc": [
      -0.9989475607862018,
      0.04586679488415899,
      1334.8912346112072
    ],
    "p1": [
      1336.297606613712,
      0.0
    ],
    "p2": [
      1385.8400186709148,
      1079.0
    ],
    "inliers": 2767,
    "centroid": [
      1358.12109375,
      475.3006896972656
    ]
  }
}