{
  "image_size": {
    "w": 1920,
    "h": 1080
  },
  "line1": {
    "abc": [
      -0.9998360276212229,
      0.018107622861844072,
      586.7835250793675
    ],
    "p1": [
      586.8797571492033,
      0.0
    ],
    "p2": [
      606.4210864553838,
      1079.0
    ],
    "inliers": 3182,
    "centroid": [
      597.2740478515625,
      573.934326171875
    ]
  },
  "line2": {
    "abc": [
      -0.9985750317563561,
      0.053366094827598604,
      1354.1276271951037
    ],
    "p1": [
      1356.0599695882438,
      0.0
    ],
    "p2": [
      1413.724155541001,
      1079.0
    ],
    "inliers": 2304,
    "centroid": [
      1384.33203125,
      529.0208129882812
    ]
  }
}