{
  "image_size": {
    "w": 1920,
    "h": 1080
  },
  "line1": {
    "abc": [
      0.9999141097058787,
      -0.0131075782701242,
      -564.9270351275223
    ],
    "p1": [
      564.9755610446318,
      0.0
    ],
    "p2": [
      579.1198528554796,
      1079.0
    ],
    "inliers": 3293,
    "centroid": [
      572.88427734375,
      603.3179321289062
    ]
  },
  "line2": {
    "abc": [
      -0.998928964137032,
      0.04626972600813053,
      1337.8454844609005
    ],
    "p1": [
      1339.2799012657083,
      0.0
    ],
    "p2": [
      1389.258464462044,
      1079.0
    ],
    "inliers": 2824,
    "centroid": [
      1361.8746337890625,
      487.803466796875
    ]
  }
}