{
  "image_size": {
    "w": 1920,
    "h": 1080
  },
  "line1": {
    "abc": [
      -0.9998794198026194,
      0.0155306430533373,
      567.631799994632
    ],
    "p1": [
      567.7002534032404,
      0.0
    ],
    "p2": [
      584.459838131826,
      1079.0
    ],
    "inliers": 2877,
    "centroid": [
      577.56689453125,
      635.2249145507812
    ]
  },
  "line2": {
    "abc": [
      -0.9990415573110126,
      0.043771430849985214,
      1336.9602542891196
    ],
    "p1": [
      1338.2428833968006,
      0.0
    ],
    "p2": [
      1385.5175673591525,
      1079.0
    ],
    "inliers": 2272,
    "centroid": [
      1359.26318359375,
      479.76849365234375
    ]
  }
}