{
  "image_size": {
    "w": 1920,
    "h": 1080
  },
  "line1": {
    "abc": [
      0.9998578429212107,
      -0.016860343515856094,
      -564.6990662132048
    ],
    "p1": [
      564.7793535962726,
      0.0
    ],
    "p2": [
      582.9742507833142,
      1079.0
    ],
    "inliers": 2937,
    "centroid": [
      575.3408203125,
      626.3197021484375
    ]
  },
  "line2": {
    "abc": [
      -0.9991240501393817,
      0.04184621572490322,
      1336.1667473298573
    ],
    "p1": [
      1337.3381885296994,
      0.0
    ],
    "p2": [
      1382.529840918481,
      1079.0
    ],
    "inliers": 2349,
    "centroid": [
      1358.5308837890625,
      505.99871826171875
    ]
  }
}