{
  "image_size": {
    "w": 1920,
    "h": 1080
  },
  "line1": {
    "abc": [
      -0.9999225735654368,
      0.01244322676210351,
      570.2575186520895
    ],
    "p1": [
      570.3016750774162,
      0.0
    ],
    "p2": [
      583.7289563802431,
      1079.0
    ],
    "inliers": 2487,
    "centroid": [
      578.3341674804688,
      645.4813232421875
    ]
  },
  "line2": {
    "abc": [
      -0.999111235140755,
      0.04215159639711933,
      1338.4388782463911
    ],
    "p1": [
      1339.6294938649464,
      0.0
    ],
    "p2": [
      1385.1515247588181,
      1079.0
    ],
    "inliers": 2119,
    "centroid": [
      1354.3568115234375,
      349.07879638671875
    ]
  }
}