{
  "image_size": {
    "w": 1920,
    "h": 1080
  },
  "line1": {
    "abc": [
      0.9987827539433981,
      -0.04932548478240802,
      -1340.7152295736323
    ],
    "p1": [
      1342.349198842506,
      0.0
    ],
    "p2": [
      1395.6362603882587,
      1079.0
    ],
    "inliers": 3191,
    "centroid": [
      1368.8192138671875,
      535.9865112304688
    ]
  },
  "line2": {
    "abc": [
      0.9998860955228343,
      -0.015091522596761393,
      -570.5910463205448
    ],
    "p1": [
      570.6560465991741,
      0.0
    ],
    "p2": [
      586.9416544847313,
      1079.0
    ],
    "inliers": 3189,
    "centroid": [
      579.4173583984375,
      580.4791259765625
    ]
  }
}