{
  "image_size": {
    "w": 1920,
    "h": 1080
  },
  "line1": {
    "abc": [
      0.9998628497113718,
      -0.016562795266492493,
      -566.5872406012129
    ],
    "p1": [
      566.6649588638766,
      0.0
    ],
    "p2": [
      584.5386663405612,
      1079.0
    ],
    "inliers": 2865,
    "centroid": [
      577.2324829101562,
      637.9403076171875
    ]
  },
  "line2": {
    "abc": [
      -0.9991154074658892,
      0.04205254465337362,
      1342.4501062873592
    ],
    "p1": [
      1343.6386790313727,
      0.0
    ],
    "p2": [
      1389.0535483667145,
      1079.0
    ],
    "inliers": 2622,
    "centroid": [
      1362.6949462890625,
      452.75286865234375
    ]
  }
}