{
  "image_size": {
    "w": 1920,
    "h": 1080
  },
  "line1": {
    "abc": [
      0.999898910521461,
      -0.014217330142841426,
      -565.2342276855137
    ],
    "p1": [
      565.2913726956021,
      0.0
    ],
    "p2": [
      580.6334228395768,
      1079.0
    ],
    "inliers": 3347,
    "centroid": [
      573.5419921875,
      580.2626342773438
    ]
  },
  "line2": {
    "abc": [
      -0.9991309642781756,
      0.04168090596790914,
      1340.9821313758946
    ],
    "p1": [
      1342.1485063719251,
      0.0
    ],
    "p2": [
      1387.1613216557205,
      1079.0
    ],
    "inliers": 2589,
    "centroid": [
      1362.4326171875,
      486.22943115234375
    ]
  }
}