{
  "image_size": {
    "w": 1920,
    "h": 1080
  },
  "line1": {
    "abc": [
      0.9999328851689829,
      -0.011584867723274566,
      -574.1588559531589
    ],
    "p1": [
      574.1973931141682,
      0.0
    ],
    "p2": [
      586.6983043841288,
      1079.0
    ],
    "inliers": 3064,
    "centroid": [
      580.896240234375,
      578.2023315429688
    ]
  },
  "line2": {
    "abc": [
      -0.9987819194783712,
      0.049342602491329435,
      1340.2467511496654
    ],
    "p1": [
      1341.8812705877067,
      0.0
    ],
    "p2": [
      1395.1868691871991,
      1079.0
    ],
    "inliers": 2720,
    "centroid": [
      1368.284912109375,
      534.4566040039062
    ]
  }
}