{
  "image_size": {
    "w": 1920,
    "h": 1080
  },
  "line1": {
    "abc": [
      0.999884843825294,
      -0.0151772787794319,
      -571.6618244947022
    ],
    "p1": [
      571.7276624652853,
      0.0
    ],
    "p2": [
      588.1058323156809,
      1079.0
    ],
    "inliers": 3253,
    "centroid": [
      580.93603515625,
      606.6510620117188
    ]
  },
  "line2": {
    "abc": [
      -0.9987964630116964,
      0.04904774948949677,
      1340.9439799915795
    ],
    "p1": [
      1342.5598003703346,
      0.0
    ],
    "p2": [
      1395.5460930325937,
      1079.0
    ],
    "inliers": 2918,
    "centroid": [
      1370.3035888671875,
      564.9677734375
    ]
  }
}