{
  "image_size": {
    "w": 1920,
    "h": 1080
  },
  "line1": {
    "abc": [
      -0.9998809099187388,
      0.015433780848964514,
      566.1953485363852
    ],
    "p1": [
      566.2627848174443,
      0.0
    ],
    "p2": [
      582.9178178027087,
      1079.0
    ],
    "inliers": 3169,
    "centroid": [
      575.3114624023438,
      586.2205810546875
    ]
  },
  "line2": {
    "abc": [
      -0.9990541338910602,
      0.04348363727326813,
      1342.1899625357153
    ],
    "p1": [
      1343.4606964772056,
      0.0
    ],
    "p2": [
      1390.4239620563385,
      1079.0
    ],
    "inliers": 2829,
    "centroid": [
      1364.1163330078125,
      474.57159423828125
    ]
  }
}