{
  "image_size": {
    "w": 1920,
    "h": 1080
  },
  "line1": {
    "abc": [
      0.9998487234105601,
      -0.017392929643375167,
      -571.3956249543038
    ],
    "p1": [
      571.4820768138102,
      0.0
    ],
    "p2": [
      590.2518873319317,
      1079.0
    ],
    "inliers": 3049,
    "centroid": [
      581.9472045898438,
      601.5975952148438
    ]
  },
  "line2": {
    "abc": [
      -0.9985191822042015,
      0.05440079048270507,
      1341.6172366663397
    ],
    "p1": [
      1343.6068736353761,
      0.0
    ],
    "p2": [
      1402.3923771860077,
      1079.0
    ],
    "inliers": 2884,
    "centroid": [
      1370.475341796875,
      493.1671142578125
    ]
  }
}