{
  "image_size": {
    "w": 1920,
    "h": 1080
  },
  "line1": {
    "abc": [
      -0.9998314380635753,
      0.018359655514341114,
      565.3421730010633
    ],
    "p1": [
      565.4374842383336,
      0.0
    ],
    "p2": [
      585.2508923247419,
      1079.0
    ],
    "inliers": 2772,
    "centroid": [
      576.7608032226562,
      616.6461181640625
    ]
  },
  "line2": {
    "abc": [
      -0.998932957648232,
      0.046183608472301074,
      1339.2904788301457
    ],
    "p1": [
      1340.7210850097595,
      0.0
    ],
    "p2": [
      1390.6064283254227,
      1079.0
    ],
    "inliers": 2614,
    "centroid": [
      1361.3994140625,
      447.26397705078125
    ]
  }
}