{
  "image_size": {
    "w": 1920,
    "h": 1080
  },
  "line1": {
    "abc": [
      0.9998593926419749,
      -0.016769168898446478,
      -563.7739379322807
    ],
    "p1": [
      563.8532198438369,
      0.0
    ],
    "p2": [
      581.9496975831851,
      1079.0
    ],
    "inliers": 3236,
    "centroid": [
      573.5519409179688,
      578.284912109375
    ]
  },
  "line2": {
    "abc": [
      -0.998970866202309,
      0.045356184244110524,
      1340.1262326336678
    ],
    "p1": [
      1341.5068226446845,
      0.0
    ],
    "p2": [
      1390.4965624410443,
      1079.0
    ],
    "inliers": 2807,
    "centroid": [
      1363.767333984375,
      490.2882080078125
    ]
  }
}