{
  "image_size": {
    "w": 1920,
    "h": 1080
  },
  "line1": {
    "abc": [
      0.999827265738441,
      -0.018586575984936245,
      -577.0091196526823
    ],
    "p1": [
      577.108806116146,
      0.0
    ],
    "p2": [
      597.167186373394,
      1079.0
    ],
    "inliers": 3614,
    "centroid": [
      588.149169921875,
      593.89404296875
    ]
  },
  "line2": {
    "abc": [
      -0.9984589815129785,
      0.055494610220138366,
      1344.8705867587303
    ],
    "p1": [
      1346.9462558400041,
      0.0
    ],
    "p2": [
      1406.917356842866,
      1079.0
    ],
    "inliers": 2474,
    "centroid": [
      1376.1851806640625,
      526.0667114257812
    ]
  }
}