{
  "image_size": {
    "w": 1920,
    "h": 1080
  },
  "line1": {
    "abc": [
      -0.9990504384030842,
      0.04356856644149238,
      1337.4561399918746
    ],
    "p1": [
      1338.7273440665413,
      0.0
    ],
    "p2": [
      1385.7825090345016,
      1079.0
    ],
    "inliers": 2436,
    "centroid": [
      1356.79345703125,
      414.2655944824219
    ]
  },
  "line2": {
    "abc": [
      0.999948501585914,
      -0.010150684043754916,
      -569.9512984626033
    ],
    "p1": [
      569.9806515622184,
      0.0
    ],
    "p2": [
      580.9338037153952,
      1079.0
    ],
    "inliers": 2222,
    "centroid": [
      576.6273803710938,
      654.7722778320312
    ]
  }
}