{
  "image_size": {
    "w": 1920,
    "h": 1080
  },
  "line1": {
    "abc": [
      0.9999470710744394,
      -0.010291311889876564,
      -575.1258400585226
    ],
    "p1": [
      575.1562824625828,
      0.0
    ],
    "p2": [
      586.261195762889,
      1079.0
    ],
    "inliers": 3015,
    "centroid": [
      581.478271484375,
      614.27099609375
    ]
  },
  "line2": {
    "abc": [
      -0.9990147948255085,
      0.044378746300891364,
      1345.4809665089358
    ],
    "p1": [
      1346.8078485703932,
      0.0
    ],
    "p2": [
      1394.7397385751106,
      1079.0
    ],
    "inliers": 2729,
    "centroid": [
      1370.302734375,
      528.8959350585938
    ]
  }
}