{
  "image_size": {
    "w": 1920,
    "h": 1080
  },
  "line1": {
    "abc": [
      0.9998490810384287,
      -0.017374148592335492,
      -568.006534672972
    ],
    "p1": [
      568.0922705685228,
      0.0
    ],
    "p2": [
      586.8418065601546,
      1079.0
    ],
    "inliers": 2912,
    "centroid": [
      578.63427734375,
      606.67236328125
    ]
  },
  "line2": {
    "abc": [
      -0.9991186261167071,
      0.04197632521386717,
      1344.0697285961567
    ],
    "p1": [
      1345.2554015734622,
      0.0
    ],
    "p2": [
      1390.5878112812081,
      1079.0
    ],
    "inliers": 2478,
    "centroid": [
      1364.4625244140625,
      457.1670837402344
    ]
  }
}