{
  "image_size": {
    "w": 1920,
    "h": 1080
  },
  "line1": {
    "abc": [
      0.9999095797528758,
      -0.013449057936654945,
      -573.4041871561217
    ],
    "p1": [
      573.4560391929004,
      0.0
    ],
    "p2": [
      587.968884961652,
      1079.0
    ],
    "inliers": 3331,
    "centroid": [
      581.6454467773438,
      608.865478515625
    ]
  },
  "line2": {
    "abc": [
      -0.9984508156766443,
      0.05564107373351255,
      1338.0764135042016
    ],
    "p1": [
      1340.1525568361571,
      0.0
    ],
    "p2": [
      1400.282427647844,
      1079.0
    ],
    "inliers": 2540,
    "centroid": [
      1370.4945068359375,
      544.4708862304688
    ]
  }
}