{
  "image_size": {
    "w": 1920,
    "h": 1080
  },
  "line1": {
    "abc": [
      -0.9989924430837177,
      0.04487837478513998,
      1346.1393720237177
    ],
    "p1": [
      1347.4970519981284,
      0.0
    ],
    "p2": [
      1395.9696573000165,
      1079.0
    ],
    "inliers": 3069,
    "centroid": [
      1371.275634765625,
      529.3111572265625
    ]
  },
  "line2": {
    "abc": [
      0.9998618364324107,
      -0.016621528193337985,
      -571.1258662396773
    ],
    "p1": [
      571.2047859307256,
      0.0
    ],
    "p2": [
      589.1418931060568,
      1079.0
    ],
    "inliers": 2819,
    "centroid": [
      581.2539672851562,
      604.5047607421875
    ]
  }
}