{
  "image_size": {
    "w": 1920,
    "h": 1080
  },
  "line1": {
    "abc": [
      0.9999477267255319,
      -0.010222906246771125,
      -574.7901178221911
    ],
    "p1": [
      574.8201655544749,
      0.0
    ],
    "p2": [
      585.8512580260654,
      1079.0
    ],
    "inliers": 3112,
    "centroid": [
      580.8236083984375,
      587.2233276367188
    ]
  },
  "line2": {
    "abc": [
      -0.998992085455849,
      0.04488729685540478,
      1346.1793821708054
    ],
    "p1": [
      1347.5375849014176,
      0.0
    ],
    "p2": [
      1396.0198441826622,
      1079.0
    ],
    "inliers": 3036,
    "centroid": [
      1370.8814697265625,
      519.5313110351562
    ]
  }
}