{
  "image_size": {
    "w": 1920,
    "h": 1080
  },
  "line1": {
    "abc": [
      0.9999226927747263,
      -0.01243600156156965,
      -573.9557947678105
    ],
    "p1": [
      574.0001691281924,
      0.0
    ],
    "p2": [
      587.4196522361298,
      1079.0
    ],
    "inliers": 3244,
    "centroid": [
      581.3267822265625,
      589.099853515625
    ]
  },
  "line2": {
    "abc": [
      0.9988235831250692,
      -0.048491533845614575,
      -1342.2345551964918
    ],
    "p1": [
      1343.8154423596764,
      0.0
    ],
    "p2": [
      1396.1994327894122,
      1079.0
    ],
    "inliers": 3005,
    "centroid": [
      1370.266845703125,
      544.84326171875
    ]
  }
}