{
  "image_size": {
    "w": 1920,
    "h": 1080
  },
  "line1": {
    "abc": [
      -0.9998481273641123,
      0.01742622070012734,
      563.1818906753558
    ],
    "p1": [
      563.2674355855079,
      0.0
    ],
    "p2": [
      582.0731837994964,
      1079.0
    ],
    "inliers": 3204,
    "centroid": [
      573.6470336914062,
      595.5405883789062
    ]
  },
  "line2": {
    "abc": [
      -0.9989093542089009,
      0.046691570430947335,
      1334.3779878084454
    ],
    "p1": [
      1335.8349105312195,
      0.0
    ],
    "p2": [
      1386.2701219772985,
      1079.0
    ],
    "inliers": 2430,
    "centroid": [
      1357.5029296875,
      463.5609130859375
    ]
  }
}