{
  "image_size": {
    "w": 1920,
    "h": 1080
  },
  "line1": {
    "abc": [
      -0.9998721480359568,
      0.015991386026128034,
      565.1604505674417
    ],
    "p1": [
      565.2327166804107,
      0.0
    ],
    "p2": [
      582.4896285326765,
      1079.0
    ],
    "inliers": 3128,
    "centroid": [
      574.8484497070312,
      601.2301635742188
    ]
  },
  "line2": {
    "abc": [
      -0.9990841150273821,
      0.04278967902060044,
      1340.5978983206544
    ],
    "p1": [
      1341.8268573751793,
      0.0
    ],
    "p2": [
      1388.0392462709456,
      1079.0
    ],
    "inliers": 2695,
    "centroid": [
      1362.2886962890625,
      477.7576904296875
    ]
  }
}