{
  "image_size": {
    "w": 1920,
    "h": 1080
  },
  "line1": {
    "abc": [
      0.9998689889897837,
      -0.016187848523242974,
      -568.0608535824317
    ],
    "p1": [
      568.1352855601325,
      0.0
    ],
    "p2": [
      585.60426274506,
      1079.0
    ],
    "inliers": 2997,
    "centroid": [
      578.2736206054688,
      626.2108764648438
    ]
  },
  "line2": {
    "abc": [
      -0.9990126490582966,
      0.044426627457097446,
      1341.733414964365
    ],
    "p1": [
      1343.0594860126432,
      0.0
    ],
    "p2": [
      1391.0431937979197,
      1079.0
    ],
    "inliers": 2741,
    "centroid": [
      1364.7606201171875,
      487.9890441894531
    ]
  }
}