{
  "image_size": {
    "w": 1920,
    "h": 1080
  },
  "line1": {
    "abc": [
      -0.9990905523290179,
      0.042638566344933786,
      1344.3378576934165
    ],
    "p1": [
      1345.5615755344493,
      0.0
    ],
    "p2": [
      1391.6104676783445,
      1079.0
    ],
    "inliers": 2855,
    "centroid": [
      1365.851806640625,
      475.43292236328125
    ]
  },
  "line2": {
    "abc": [
      -0.9998582601537241,
      0.016837701201422063,
      567.79340135942
    ],
    "p1": [
      567.8738917175361,
      0.0
    ],
    "p2": [
      586.0443467913794,
      1079.0
    ],
    "inliers": 2586,
    "centroid": [
      577.8630981445312,
      593.18017578125
    ]
  }
}