{
  "image_size": {
    "w": 1920,
    "h": 1080
  },
  "line1": {
    "abc": [
      -0.9998235106458202,
      0.018788466230016038,
      562.7866010697976
    ],
    "p1": [
      562.8859444466099,
      0.0
    ],
    "p2": [
      583.1622780658228,
      1079.0
    ],
    "inliers": 3074,
    "centroid": [
      574.73681640625,
      630.6411743164062
    ]
  },
  "line2": {
    "abc": [
      -0.9991161227216265,
      0.042035151272970125,
      1339.527331988406
    ],
    "p1": [
      1340.7123571777502,
      0.0
    ],
    "p2": [
      1386.1084099408502,
      1079.0
    ],
    "inliers": 2688,
    "centroid": [
      1361.8782958984375,
      503.0844421386719
    ]
  }
}