{
  "image_size": {
    "w": 1920,
    "h": 1080
  },
  "line1": {
    "abc": [
      0.9998530745496287,
      -0.017140105366689706,
      -571.6119568689278
    ],
    "p1": [
      571.6959535543792,
      0.0
    ],
    "p2": [
      590.1928449091301,
      1079.0
    ],
    "inliers": 3285,
    "centroid": [
      581.8800659179688,
      594.081298828125
    ]
  },
  "line2": {
    "abc": [
      -0.9984608888616113,
      0.05545994639391121,
      1339.7586503191558
    ],
    "p1": [
      1341.8238663776533,
      0.0
    ],
    "p2": [
      1401.7573928949093,
      1079.0
    ],
    "inliers": 2702,
    "centroid": [
      1370.0533447265625,
      508.2231750488281
    ]
  }
}