{
  "image_size": {
    "w": 1920,
    "h": 1080
  },
  "line1": {
    "abc": [
      -0.9998558759679331,
      0.016977570950967975,
      568.8077328553509
    ],
    "p1": [
      568.8897235361084,
      0.0
    ],
    "p2": [
      587.2111631519534,
      1079.0
    ],
    "inliers": 3044,
    "centroid": [
      579.2174682617188,
      608.2293090820312
    ]
  },
  "line2": {
    "abc": [
      -0.9987428188313986,
      0.05012780427927726,
      1337.100911764553
    ],
    "p1": [
      1338.7840058054765,
      0.0
    ],
    "p2": [
      1392.9399905069504,
      1079.0
    ],
    "inliers": 2791,
    "centroid": [
      1365.2958984375,
      528.2210693359375
    ]
  }
}