{
  "image_size": {
    "w": 1920,
    "h": 1080
  },
  "line1": {
    "abc": [
      0.9999138116826548,
      -0.01312915701417802,
      -576.4446304894163
    ],
    "p1": [
      576.4943175646063,
      0.0
    ],
    "p2": [
      590.6618990629146,
      1079.0
    ],
    "inliers": 3194,
    "centroid": [
      584.1133422851562,
      580.2633056640625
    ]
  },
  "line2": {
    "abc": [
      -0.9988290071477438,
      0.048380024731110825,
      1347.185865108439
    ],
    "p1": [
      1348.7652595867867,
      0.0
    ],
    "p2": [
      1401.0285061598279,
      1079.0
    ],
    "inliers": 2779,
    "centroid": [
      1376.18310546875,
      566.0546875
    ]
  }
}