{
  "image_size": {
    "w": 1920,
    "h": 1080
  },
  "line1": {
    "abc": [
      0.9999008774747385,
      -0.014080571942017301,
      -566.1821274714584
    ],
    "p1": [
      566.2382544371379,
      0.0
    ],
    "p2": [
      581.4326976741581,
      1079.0
    ],
    "inliers": 3091,
    "centroid": [
      574.9139404296875,
      616.0847778320312
    ]
  },
  "line2": {
    "abc": [
      -0.998912513255074,
      0.04662349820132361,
      1333.4010536888952
    ],
    "p1": [
      1334.8526882938436,
      0.0
    ],
    "p2": [
      1385.214210340752,
      1079.0
    ],
    "inliers": 2659,
    "centroid": [
      1357.386962890625,
      482.7987976074219
    ]
  }
}