{
  "image_size": {
    "w": 1920,
    "h": 1080
  },
  "line1": {
    "abc": [
      0.9998955130567088,
      -0.014457086101159896,
      -566.4048855722225
    ],
    "p1": [
      566.4640736717647,
      0.0
    ],
    "p2": [
      582.0648996575364,
      1079.0
    ],
    "inliers": 3148,
    "centroid": [
      575.37548828125,
      616.3402099609375
    ]
  },
  "line2": {
    "abc": [
      -0.9990268349637531,
      0.04410662502045989,
      1337.2701255076363
    ],
    "p1": [
      1338.5727777333984,
      0.0
    ],
    "p2": [
      1386.2101851898287,
      1079.0
    ],
    "inliers": 2632,
    "centroid": [
      1358.764404296875,
      457.3457336425781
    ]
  }
}