{
  "image_size": {
    "w": 1920,
    "h": 1080
  },
  "line1": {
    "abc": [
      -0.9998319149007335,
      0.01833385229108884,
      564.6627217597153
    ],
    "p1": [
      564.7576491052266,
      0.0
    ],
    "p2": [
      584.5432013838303,
      1079.0
    ],
    "inliers": 3111,
    "centroid": [
      576.197998046875,
      623.896484375
    ]
  },
  "line2": {
    "abc": [
      -0.999124765395119,
      0.041830055415588506,
      1339.482954747712
    ],
    "p1": [
      1340.6563435728604,
      0.0
    ],
    "p2": [
      1385.8305113611752,
      1079.0
    ],
    "inliers": 2450,
    "centroid": [
      1360.4036865234375,
      471.6718444824219
    ]
  }
}