{
  "image_size": {
    "w": 1920,
    "h": 1080
  },
  "line1": {
    "abc": [
      0.9998883604993357,
      -0.014943674206718759,
      -590.6260445656694
    ],
    "p1": [
      590.6919891243816,
      0.0
    ],
    "p2": [
      606.8180138947843,
      1079.0
    ],
    "inliers": 3338,
    "centroid": [
      599.5892944335938,
      595.3229370117188
    ]
  },
  "line2": {
    "abc": [
      -0.9984458684911279,
      0.05573005974287182,
      1356.269632023425
    ],
    "p1": [
      1358.3807343236822,
      0.0
    ],
    "p2": [
      1418.607068429739,
      1079.0
    ],
    "inliers": 2116,
    "centroid": [
      1387.08740234375,
      514.301513671875
    ]
  }
}