{
  "image_size": {
    "w": 1920,
    "h": 1080
  },
  "line1": {
    "abc": [
      0.9999334812154307,
      -0.011532603763032346,
      -569.0272674599948
    ],
    "p1": [
      569.0651209801832,
      0.0
    ],
    "p2": [
      581.5096282339923,
      1079.0
    ],
    "inliers": 2727,
    "centroid": [
      576.4121704101562,
      637.0253295898438
    ]
  },
  "line2": {
    "abc": [
      -0.999172747134163,
      0.040667641907889705,
      1340.4664539260175
    ],
    "p1": [
      1341.5762767456943,
      0.0
    ],
    "p2": [
      1385.4929925933504,
      1079.0
    ],
    "inliers": 2550,
    "centroid": [
      1359.46044921875,
      439.400390625
    ]
  }
}