{
  "image_size": {
    "w": 1920,
    "h": 1080
  },
  "line1": {
    "abc": [
      0.999960958956672,
      -0.008834662847212063,
      -577.1730759059609
    ],
    "p1": [
      577.1956102247884,
      0.0
    ],
    "p2": [
      586.7285836141573,
      1079.0
    ],
    "inliers": 3304,
    "centroid": [
      582.3450317382812,
      582.8428955078125
    ]
  },
  "line2": {
    "abc": [
      -0.9988085031499411,
      0.04880091175432093,
      1345.090778223583
    ],
    "p1": [
      1346.6953615048049,
      0.0
    ],
    "p2": [
      1399.4143598081337,
      1079.0
    ],
    "inliers": 3046,
    "centroid": [
      1373.703857421875,
      552.7830200195312
    ]
  }
}