{
  "image_size": {
    "w": 1920,
    "h": 1080
  },
  "line1": {
    "abc": [
      -0.9999032020558848,
      0.013912680558846388,
      572.2986770343609
    ],
    "p1": [
      572.354079732585,
      0.0
    ],
    "p2": [
      587.3673153059183,
      1079.0
    ],
    "inliers": 3279,
    "centroid": [
      580.7910766601562,
      606.3662719726562
    ]
  },
  "line2": {
    "abc": [
      -0.9984945654859094,
      0.054851122200434185,
      1338.5608127447106
    ],
    "p1": [
      1340.5789665898787,
      0.0
    ],
    "p2": [
      1399.852559957377,
      1079.0
    ],
    "inliers": 2690,
    "centroid": [
      1368.546142578125,
      509.106689453125
    ]
  }
}