{
  "image_size": {
    "w": 1920,
    "h": 1080
  },
  "line1": {
    "abc": [
      -0.9998799562444224,
      0.015493863262220624,
      565.7230749541651
    ],
    "p1": [
      565.7909946300325,
      0.0
    ],
    "p2": [
      582.5108802078262,
      1079.0
    ],
    "inliers": 3070,
    "centroid": [
      575.0850219726562,
      599.7801513671875
    ]
  },
  "line2": {
    "abc": [
      -0.9988784790029073,
      0.04734743386502299,
      1341.2013335007262
    ],
    "p1": [
      1342.7072078272522,
      0.0
    ],
    "p2": [
      1393.8524494299706,
      1079.0
    ],
    "inliers": 3041,
    "centroid": [
      1367.7103271484375,
      527.4853515625
    ]
  }
}