{
  "image_size": {
    "w": 1920,
    "h": 1080
  },
  "line1": {
    "abc": [
      0.9908782839765176,
      -0.1347600668667399,
      -1357.4203919353934
    ],
    "p1": [
      1369.9163801308641,
      0.0
    ],
    "p2": [
      1516.66105553709,
      1079.0
    ],
    "inliers": 3689,
    "centroid": [
      1445.50341796875,
      555.7844848632812
    ]
  },
  "line2": {
    "abc": [
      0.9985975027074364,
      0.05294372886414001,
      -749.3492258573737
    ],
    "p1": [
      750.4016621568838,
      0.0
    ],
    "p2": [
      693.195146729473,
      1079.0
    ],
    "inliers": 2730,
    "centroid": [
      723.9520263671875,
      498.8794860839844
    ]
  }
}