{
  "image_size": {
    "w": 1920,
    "h": 1080
  },
  "line1": {
    "abc": [
      0.9927334189405049,
      -0.1203345730899561,
      -1341.6097146256961
    ],
    "p1": [
      1351.4299901956858,
      0.0
    ],
    "p2": [
      1482.2214009478648,
      1079.0
    ],
    "inliers": 3056,
    "centroid": [
      1421.58740234375,
      578.7830200195312
    ]
  },
  "line2": {
    "abc": [
      0.997950792311624,
      0.06398627161973276,
      -737.264639350172
    ],
    "p1": [
      738.7785500349108,
      0.0
    ],
    "p2": [
      669.5955927091627,
      1079.0
    ],
    "inliers": 2841,
    "centroid": [
      704.8775024414062,
      528.7318115234375
    ]
  }
}