{
  "image_size": {
    "w": 1920,
    "h": 1080
  },
  "line1": {
    "abc": [
      0.9924636483182518,
      -0.12253952771412992,
      -1339.9110462471415
    ],
    "p1": [
      1350.0857673907208,
      0.0
    ],
    "p2": [
      1483.3099420268352,
      1079.0
    ],
    "inliers": 3190,
    "centroid": [
      1423.3272705078125,
      593.1925048828125
    ]
  },
  "line2": {
    "abc": [
      0.9981400966634305,
      0.06096176430576904,
      -736.0375732872379
    ],
    "p1": [
      737.409082900942,
      0.0
    ],
    "p2": [
      671.5087710050411,
      1079.0
    ],
    "inliers": 2924,
    "centroid": [
      705.5372924804688,
      521.8436889648438
    ]
  }
}