{
  "image_size": {
    "w": 1920,
    "h": 1080
  },
  "line1": {
    "abc": [
      0.9928576946248615,
      -0.11930480599391449,
      -1331.8009325620092
    ],
    "p1": [
      1341.3814887794297,
      0.0
    ],
    "p2": [
      1471.0374166776094,
      1079.0
    ],
    "inliers": 3454,
    "centroid": [
      1408.208740234375,
      556.1381225585938
    ]
  },
  "line2": {
    "abc": [
      0.9983491897573024,
      0.057435695081891794,
      -723.113191422396
    ],
    "p1": [
      724.3088879535065,
      0.0
    ],
    "p2": [
      662.2332979403301,
      1079.0
    ],
    "inliers": 2769,
    "centroid": [
      695.0267333984375,
      508.9833984375
    ]
  }
}