{
  "image_size": {
    "w": 1920,
    "h": 1080
  },
  "line1": {
    "abc": [
      0.9925631284703819,
      -0.12173078954207645,
      -1331.7842275658038
    ],
    "p1": [
      1341.7627447215257,
      0.0
    ],
    "p2": [
      1474.0944001582104,
      1079.0
    ],
    "inliers": 3487,
    "centroid": [
      1410.865234375,
      563.44482421875
    ]
  },
  "line2": {
    "abc": [
      0.9980630278577359,
      0.06221111118787266,
      -728.342056805051
    ],
    "p1": [
      729.755573020654,
      0.0
    ],
    "p2": [
      662.4995109302719,
      1079.0
    ],
    "inliers": 2666,
    "centroid": [
      699.4786376953125,
      485.7378234863281
    ]
  }
}