{
  "image_size": {
    "w": 1920,
    "h": 1080
  },
  "line1": {
    "abc": [
      0.9924353957166283,
      -0.12276805192219854,
      -1330.2429859594652
    ],
    "p1": [
      1340.3824487728082,
      0.0
    ],
    "p2": [
      1473.8588731282687,
      1079.0
    ],
    "inliers": 3767,
    "centroid": [
      1410.27001953125,
      564.9588623046875
    ]
  },
  "line2": {
    "abc": [
      0.998385369776681,
      0.056803978979530746,
      -722.7197354717663
    ],
    "p1": [
      723.8885477993576,
      0.0
    ],
    "p2": [
      662.4979313356735,
      1079.0
    ],
    "inliers": 2981,
    "centroid": [
      694.3831176757812,
      518.5867309570312
    ]
  }
}