{
  "image_size": {
    "w": 1920,
    "h": 1080
  },
  "line1": {
    "abc": [
      0.9927423596372212,
      -0.12026052176940336,
      -1332.745879076307
    ],
    "p1": [
      1342.4891827556683,
      0.0
    ],
    "p2": [
      1473.198930082865,
      1079.0
    ],
    "inliers": 3236,
    "centroid": [
      1411.970703125,
      573.565185546875
    ]
  },
  "line2": {
    "abc": [
      0.9983052015294581,
      0.05819544196123025,
      -724.6588901566512
    ],
    "p1": [
      725.8891259370723,
      0.0
    ],
    "p2": [
      662.98964211192,
      1079.0
    ],
    "inliers": 3068,
    "centroid": [
      695.3321533203125,
      524.1851196289062
    ]
  }
}