{
  "image_size": {
    "w": 1920,
    "h": 1080
  },
  "line1": {
    "abc": [
      0.9924964904775231,
      -0.12227303534733942,
      -1337.633506618529
    ],
    "p1": [
      1347.7463340701074,
      0.0
    ],
    "p2": [
      1480.6763810834748,
      1079.0
    ],
    "inliers": 3467,
    "centroid": [
      1417.364013671875,
      565.0902709960938
    ]
  },
  "line2": {
    "abc": [
      0.9984453916539697,
      0.05573900416487841,
      -729.0032021199212
    ],
    "p1": [
      730.1382811856085,
      0.0
    ],
    "p2": [
      669.9022522584028,
      1079.0
    ],
    "inliers": 2652,
    "centroid": [
      702.3928833007812,
      496.9996337890625
    ]
  }
}