{
  "image_size": {
    "w": 1920,
    "h": 1080
  },
  "line1": {
    "abc": [
      0.9919469952573393,
      -0.12665353715407102,
      -1342.5554766221046
    ],
    "p1": [
      1353.4548549883025,
      0.0
    ],
    "p2": [
      1491.2234729110671,
      1079.0
    ],
    "inliers": 3319,
    "centroid": [
      1422.5146484375,
      540.8743896484375
    ]
  },
  "line2": {
    "abc": [
      0.998094856738046,
      0.06169777363532572,
      -743.6034523864118
    ],
    "p1": [
      745.0228276064281,
      0.0
    ],
    "p2": [
      678.3238587628401,
      1079.0
    ],
    "inliers": 2746,
    "centroid": [
      716.1390991210938,
      467.2567443847656
    ]
  }
}