{
  "image_size": {
    "w": 1920,
    "h": 1080
  },
  "line1": {
    "abc": [
      0.9927818775167073,
      -0.11993410438287185,
      -1338.926081569749
    ],
    "p1": [
      1348.6608809972122,
      0.0
    ],
    "p2": [
      1479.0106602990015,
      1079.0
    ],
    "inliers": 3244,
    "centroid": [
      1416.7786865234375,
      563.8606567382812
    ]
  },
  "line2": {
    "abc": [
      0.9981142878522428,
      0.06138279661530078,
      -731.3719086821603
    ],
    "p1": [
      732.7536711812205,
      0.0
    ],
    "p2": [
      666.3965031153984,
      1079.0
    ],
    "inliers": 2834,
    "centroid": [
      702.5614013671875,
      490.9410705566406
    ]
  }
}