{
  "image_size": {
    "w": 1920,
    "h": 1080
  },
  "line1": {
    "abc": [
      0.9922614097585292,
      -0.12416629493224124,
      -1330.7102243520364
    ],
    "p1": [
      1341.088357629337,
      0.0
    ],
    "p2": [
      1476.1086566294682,
      1079.0
    ],
    "inliers": 3467,
    "centroid": [
      1409.1903076171875,
      544.2293090820312
    ]
  },
  "line2": {
    "abc": [
      0.9984580874433069,
      0.0555107034742277,
      -723.8234880028552
    ],
    "p1": [
      724.9412840716305,
      0.0
    ],
    "p2": [
      664.9527379303859,
      1079.0
    ],
    "inliers": 3011,
    "centroid": [
      696.7831420898438,
      506.47393798828125
    ]
  }
}