{
  "image_size": {
    "w": 1920,
    "h": 1080
  },
  "line1": {
    "abc": [
      0.9912898540486912,
      -0.13169826567159834,
      -1352.6171079877847
    ],
    "p1": [
      1364.5021206091608,
      0.0
    ],
    "p2": [
      1507.8531577243605,
      1079.0
    ],
    "inliers": 3491,
    "centroid": [
      1436.19189453125,
      539.6072998046875
    ]
  },
  "line2": {
    "abc": [
      0.9984717369069604,
      0.05526457354420857,
      -747.3054813860417
    ],
    "p1": [
      748.4493088417555,
      0.0
    ],
    "p2": [
      688.7275634482177,
      1079.0
    ],
    "inliers": 2891,
    "centroid": [
      719.9868774414062,
      514.2341918945312
    ]
  }
}