{
  "image_size": {
    "w": 1920,
    "h": 1080
  },
  "line1": {
    "abc": [
      0.9923561215390772,
      -0.1234070062636095,
      -1332.3119715136845
    ],
    "p1": [
      1342.5744474144612,
      0.0
    ],
    "p2": [
      1476.7562767681397,
      1079.0
    ],
    "inliers": 3574,
    "centroid": [
      1413.8203125,
      572.9113159179688
    ]
  },
  "line2": {
    "abc": [
      0.9983372092237025,
      0.057643726468028594,
      -726.3924278181187
    ],
    "p1": [
      727.6022781750812,
      0.0
    ],
    "p2": [
      665.3011034974719,
      1079.0
    ],
    "inliers": 3106,
    "centroid": [
      698.8335571289062,
      498.24822998046875
    ]
  }
}