{
  "image_size": {
    "w": 1920,
    "h": 1080
  },
  "line1": {
    "abc": [
      0.9922725558271022,
      -0.12407720834004392,
      -1339.289019285946
    ],
    "p1": [
      1349.718896709373,
      0.0
    ],
    "p2": [
      1484.6408060302583,
      1079.0
    ],
    "inliers": 3392,
    "centroid": [
      1419.4295654296875,
      557.491455078125
    ]
  },
  "line2": {
    "abc": [
      0.998052954672769,
      0.062372028827604856,
      -739.7330206778557
    ],
    "p1": [
      741.1761241871094,
      0.0
    ],
    "p2": [
      673.7454144337867,
      1079.0
    ],
    "inliers": 2396,
    "centroid": [
      710.828857421875,
      485.60516357421875
    ]
  }
}