{
  "image_size": {
    "w": 1920,
    "h": 1080
  },
  "line1": {
    "abc": [
      0.9920292496671292,
      -0.12600772082793033,
      -1330.7269538623593
    ],
    "p1": [
      1341.4190703639822,
      0.0
    ],
    "p2": [
      1478.47383041159,
      1079.0
    ],
    "inliers": 3763,
    "centroid": [
      1412.3348388671875,
      558.30322265625
    ]
  },
  "line2": {
    "abc": [
      0.99844664335151,
      0.055716391652766775,
      -722.5653824043706
    ],
    "p1": [
      723.6895303477788,
      0.0
    ],
    "p2": [
      663.4780137948904,
      1079.0
    ],
    "inliers": 2747,
    "centroid": [
      695.7404174804688,
      500.8525695800781
    ]
  }
}