{
  "image_size": {
    "w": 1920,
    "h": 1080
  },
  "line1": {
    "abc": [
      0.9927319288243855,
      -0.12034678459155444,
      -1336.4624096669309
    ],
    "p1": [
      1346.247028892884,
      0.0
    ],
    "p2": [
      1477.0519086433148,
      1079.0
    ],
    "inliers": 3434,
    "centroid": [
      1410.773193359375,
      532.2716674804688
    ]
  },
  "line2": {
    "abc": [
      0.9983847737302333,
      0.056813891977014946,
      -727.4840369998861
    ],
    "p1": [
      728.6609893716735,
      0.0
    ],
    "p2": [
      667.2596228282338,
      1079.0
    ],
    "inliers": 2782,
    "centroid": [
      699.1261596679688,
      519.0125732421875
    ]
  }
}