{
  "image_size": {
    "w": 1920,
    "h": 1080
  },
  "line1": {
    "abc": [
      0.9928113818158711,
      -0.11968940496432733,
      -1341.200769715125
    ],
    "p1": [
      1350.9119599959088,
      0.0
    ],
    "p2": [
      1480.9919231408726,
      1079.0
    ],
    "inliers": 3465,
    "centroid": [
      1419.05419921875,
      565.23291015625
    ]
  },
  "line2": {
    "abc": [
      0.9980537295331511,
      0.06235979124897442,
      -733.2216108084573
    ],
    "p1": [
      734.651441211916,
      0.0
    ],
    "p2": [
      667.2340139065573,
      1079.0
    ],
    "inliers": 2774,
    "centroid": [
      704.1697998046875,
      487.8514709472656
    ]
  }
}