{
  "image_size": {
    "w": 1920,
    "h": 1080
  },
  "line1": {
    "abc": [
      0.9922501444806666,
      -0.12425637990223856,
      -1331.519421233012
    ],
    "p1": [
      1341.9191003795877,
      0.0
    ],
    "p2": [
      1477.038893166,
      1079.0
    ],
    "inliers": 3734,
    "centroid": [
      1411.4580078125,
      555.3034057617188
    ]
  },
  "line2": {
    "abc": [
      0.9984551668157129,
      0.05556376650923894,
      -725.3057280484757
    ],
    "p1": [
      726.4279380331425,
      0.0
    ],
    "p2": [
      666.3818728155396,
      1079.0
    ],
    "inliers": 2841,
    "centroid": [
      697.0010375976562,
      528.7877807617188
    ]
  }
}