{
  "image_size": {
    "w": 1920,
    "h": 1080
  },
  "line1": {
    "abc": [
      0.992283999918899,
      -0.12398550659405706,
      -1331.184404921133
    ],
    "p1": [
      1341.5356944482958,
      0.0
    ],
    "p2": [
      1476.3563321144495,
      1079.0
    ],
    "inliers": 3569,
    "centroid": [
      1409.52978515625,
      544.1720581054688
    ]
  },
  "line2": {
    "abc": [
      0.9983187913884669,
      0.05796174705022737,
      -726.0561519206764
    ],
    "p1": [
      727.2788594020891,
      0.0
    ],
    "p2": [
      664.6328132626456,
      1079.0
    ],
    "inliers": 2709,
    "centroid": [
      698.692138671875,
      492.37060546875
    ]
  }
}