{
  "image_size": {
    "w": 1920,
    "h": 1080
  },
  "line1": {
    "abc": [
      0.9929999113072955,
      -0.1181153282521974,
      -1336.0972279099944
    ],
    "p1": [
      1345.5159589601649,
      0.0
    ],
    "p2": [
      1473.860823579877,
      1079.0
    ],
    "inliers": 3335,
    "centroid": [
      1408.7625732421875,
      531.7166137695312
    ]
  },
  "line2": {
    "abc": [
      0.9982656836499721,
      0.05886911973351313,
      -724.0369442386706
    ],
    "p1": [
      725.2948349294795,
      0.0
    ],
    "p2": [
      661.6646999535757,
      1079.0
    ],
    "inliers": 2783,
    "centroid": [
      696.1879272460938,
      493.57672119140625
    ]
  }
}