{
  "image_size": {
    "w": 1920,
    "h": 1080
  },
  "line1": {
    "abc": [
      0.99242168664833,
      -0.12287861853825678,
      -1332.1703138755374
    ],
    "p1": [
      1342.3430098294489,
      0.0
    ],
    "p2": [
      1475.9414903811557,
      1079.0
    ],
    "inliers": 3456,
    "centroid": [
      1411.55126953125,
      558.956298828125
    ]
  },
  "line2": {
    "abc": [
      0.9984771013249902,
      0.05516776442522254,
      -722.9472426117655
    ],
    "p1": [
      724.0498972409147,
      0.0
    ],
    "p2": [
      664.4330890679247,
      1079.0
    ],
    "inliers": 2667,
    "centroid": [
      696.2474975585938,
      503.1934814453125
    ]
  }
}