{
  "image_size": {
    "w": 1920,
    "h": 1080
  },
  "line1": {
    "abc": [
      0.9926261901845541,
      -0.12121587246644296,
      -1341.0469143635476
    ],
    "p1": [
      1351.008997772075,
      0.0
    ],
    "p2": [
      1482.7725233415288,
      1079.0
    ],
    "inliers": 3160,
    "centroid": [
      1419.998779296875,
      564.9512939453125
    ]
  },
  "line2": {
    "abc": [
      0.998056948183969,
      0.06230821833008257,
      -737.2950911669802
    ],
    "p1": [
      738.73048277309,
      0.0
    ],
    "p2": [
      671.3690283986781,
      1079.0
    ],
    "inliers": 2960,
    "centroid": [
      707.4324340820312,
      501.3341064453125
    ]
  }
}