{
  "image_size": {
    "w": 1920,
    "h": 1080
  },
  "line1": {
    "abc": [
      0.9924706220616906,
      -0.12248300015914111,
      -1332.9671652197744
    ],
    "p1": [
      1343.079720033183,
      0.0
    ],
    "p2": [
      1476.2415025927262,
      1079.0
    ],
    "inliers": 3797,
    "centroid": [
      1410.111083984375,
      543.150146484375
    ]
  },
  "line2": {
    "abc": [
      0.9983204007138758,
      0.05793451517814564,
      -725.9648507838742
    ],
    "p1": [
      727.1862322604582,
      0.0
    ],
    "p2": [
      664.5697197334993,
      1079.0
    ],
    "inliers": 2884,
    "centroid": [
      699.1241455078125,
      483.5624084472656
    ]
  }
}