{
  "image_size": {
    "w": 1920,
    "h": 1080
  },
  "line1": {
    "abc": [
      0.9928248524655904,
      -0.11957761645305119,
      -1336.8167163848047
    ],
    "p1": [
      1346.4778939255416,
      0.0
    ],
    "p2": [
      1476.434600622017,
      1079.0
    ],
    "inliers": 3447,
    "centroid": [
      1413.327880859375,
      555.0397338867188
    ]
  },
  "line2": {
    "abc": [
      0.9980432987203154,
      0.06252670288079684,
      -729.3886452943825
    ],
    "p1": [
      730.8186390606498,
      0.0
    ],
    "p2": [
      663.2200564191105,
      1079.0
    ],
    "inliers": 2375,
    "centroid": [
      699.925048828125,
      493.11956787109375
    ]
  }
}