{
  "image_size": {
    "w": 1920,
    "h": 1080
  },
  "line1": {
    "abc": [
      0.9928051233281697,
      -0.11974113434541171,
      -1335.7356837367572
    ],
    "p1": [
      1345.4157843776884,
      0.0
    ],
    "p2": [
      1475.552788028094,
      1079.0
    ],
    "inliers": 3351,
    "centroid": [
      1413.636474609375,
      565.6356201171875
    ]
  },
  "line2": {
    "abc": [
      0.9982677698125393,
      0.05883384123438673,
      -725.7208180515106
    ],
    "p1": [
      726.9801149523147,
      0.0
    ],
    "p2": [
      663.3882445027415,
      1079.0
    ],
    "inliers": 2833,
    "centroid": [
      697.8814086914062,
      493.73455810546875
    ]
  }
}