{
  "image_size": {
    "w": 1920,
    "h": 1080
  },
  "line1": {
    "abc": [
      0.9914914369573214,
      -0.13017213344560957,
      -1346.8640698821464
    ],
    "p1": [
      1358.4222915887087,
      0.0
    ],
    "p2": [
      1500.083355670958,
      1079.0
    ],
    "inliers": 3552,
    "centroid": [
      1433.33447265625,
      570.5889892578125
    ]
  },
  "line2": {
    "abc": [
      0.9983532428731471,
      0.05736594274634346,
      -745.1818698729662
    ],
    "p1": [
      746.4110275521493,
      0.0
    ],
    "p2": [
      684.4110764675315,
      1079.0
    ],
    "inliers": 2730,
    "centroid": [
      718.0311279296875,
      493.9021911621094
    ]
  }
}