{
  "image_size": {
    "w": 1920,
    "h": 1080
  },
  "line1": {
    "abc": [
      0.9927296042432393,
      -0.12036602199065569,
      -1337.8752230416073
    ],
    "p1": [
      1347.673341585772,
      0.0
    ],
    "p2": [
      1478.4994368012176,
      1079.0
    ],
    "inliers": 3384,
    "centroid": [
      1414.5919189453125,
      551.9169921875
    ]
  },
  "line2": {
    "abc": [
      0.9980607032765897,
      0.06224823370569679,
      -731.6308912601945
    ],
    "p1": [
      733.0524975668136,
      0.0
    ],
    "p2": [
      665.7561458038955,
      1079.0
    ],
    "inliers": 2906,
    "centroid": [
      701.9287719726562,
      499.0240783691406
    ]
  }
}