{
  "image_size": {
    "w": 1920,
    "h": 1080
  },
  "line1": {
    "abc": [
      0.9928846359243,
      -0.1190803423522712,
      -1342.378662722992
    ],
    "p1": [
      1351.998625170929,
      0.0
    ],
    "p2": [
      1481.407103003289,
      1079.0
    ],
    "inliers": 3115,
    "centroid": [
      1421.8408203125,
      582.3399658203125
    ]
  },
  "line2": {
    "abc": [
      0.9981356263150724,
      0.06103527545922851,
      -735.7236452958232
    ],
    "p1": [
      737.0978711700488,
      0.0
    ],
    "p2": [
      671.1177974363425,
      1079.0
    ],
    "inliers": 2664,
    "centroid": [
      705.8919067382812,
      510.3243103027344
    ]
  }
}