{
  "image_size": {
    "w": 1920,
    "h": 1080
  },
  "line1": {
    "abc": [
      0.9923004508008569,
      -0.1238539889453603,
      -1331.120234685978
    ],
    "p1": [
      1341.4487856089045,
      0.0
    ],
    "p2": [
      1476.124179502143,
      1079.0
    ],
    "inliers": 3385,
    "centroid": [
      1407.3494873046875,
      527.9869995117188
    ]
  },
  "line2": {
    "abc": [
      0.9984433650960474,
      0.055775117129031666,
      -722.454412442198
    ],
    "p1": [
      723.5807635145134,
      0.0
    ],
    "p2": [
      663.3055856866393,
      1079.0
    ],
    "inliers": 2713,
    "centroid": [
      695.621826171875,
      500.49945068359375
    ]
  }
}