{
  "image_size": {
    "w": 1920,
    "h": 1080
  },
  "line1": {
    "abc": [
      0.9925625920285789,
      -0.12173552066075548,
      -1335.4347801826882
    ],
    "p1": [
      1345.4413766021084,
      0.0
    ],
    "p2": [
      1477.77824668755,
      1079.0
    ],
    "inliers": 3389,
    "centroid": [
      1414.2862548828125,
      561.3222045898438
    ]
  },
  "line2": {
    "abc": [
      0.9982507228841335,
      0.05912294611328888,
      -728.338768369695
    ],
    "p1": [
      729.6150673103324,
      0.0
    ],
    "p2": [
      665.7096201177404,
      1079.0
    ],
    "inliers": 2519,
    "centroid": [
      699.412841796875,
      509.94403076171875
    ]
  }
}