{
  "image_size": {
    "w": 1920,
    "h": 1080
  },
  "line1": {
    "abc": [
      0.9927765130986775,
      -0.1199784353374235,
      -1332.368354517415
    ],
    "p1": [
      1342.062727046992,
      0.0
    ],
    "p2": [
      1472.4613918230316,
      1079.0
    ],
    "inliers": 3110,
    "centroid": [
      1412.6048583984375,
      583.7096557617188
    ]
  },
  "line2": {
    "abc": [
      0.998210787772134,
      0.05979352444404344,
      -725.2414156646478
    ],
    "p1": [
      726.5413523362981,
      0.0
    ],
    "p2": [
      661.9084975671004,
      1079.0
    ],
    "inliers": 2918,
    "centroid": [
      697.2782592773438,
      488.5267333984375
    ]
  }
}