{
  "image_size": {
    "w": 1920,
    "h": 1080
  },
  "line1": {
    "abc": [
      0.9926415085782614,
      -0.12109030038106253,
      -1336.3485288989887
    ],
    "p1": [
      1346.2549342843936,
      0.0
    ],
    "p2": [
      1477.879929795918,
      1079.0
    ],
    "inliers": 3578,
    "centroid": [
      1413.54052734375,
      551.5757446289062
    ]
  },
  "line2": {
    "abc": [
      0.9982268214215786,
      0.05952523648732908,
      -727.6590812874437
    ],
    "p1": [
      728.9516427250288,
      0.0
    ],
    "p2": [
      664.609823018801,
      1079.0
    ],
    "inliers": 2862,
    "centroid": [
      697.64990234375,
      524.9241943359375
    ]
  }
}