{
  "image_size": {
    "w": 1920,
    "h": 1080
  },
  "line1": {
    "abc": [
      0.9916720986356354,
      -0.12878817319857117,
      -1341.5074990631338
    ],
    "p1": [
      1352.7732613520232,
      0.0
    ],
    "p2": [
      1492.9026842453827,
      1079.0
    ],
    "inliers": 3412,
    "centroid": [
      1424.24560546875,
      550.3388061523438
    ]
  },
  "line2": {
    "abc": [
      0.9979941844930205,
      0.06330609321587907,
      -743.0052732412141
    ],
    "p1": [
      744.4986000781755,
      0.0
    ],
    "p2": [
      676.0540383349289,
      1079.0
    ],
    "inliers": 2813,
    "centroid": [
      711.6736450195312,
      517.4717407226562
    ]
  }
}