{
  "image_size": {
    "w": 1920,
    "h": 1080
  },
  "line1": {
    "abc": [
      0.9924523234357445,
      -0.12263128161418095,
      -1332.0664286486438
    ],
    "p1": [
      1342.1968967105624,
      0.0
    ],
    "p2": [
      1475.522346948443,
      1079.0
    ],
    "inliers": 3185,
    "centroid": [
      1411.5755615234375,
      561.4800415039062
    ]
  },
  "line2": {
    "abc": [
      0.9982892274846583,
      0.058469019830168424,
      -725.8763285800608
    ],
    "p1": [
      727.1202659463897,
      0.0
    ],
    "p2": [
      663.9240792503641,
      1079.0
    ],
    "inliers": 2720,
    "centroid": [
      698.7665405273438,
      484.10626220703125
    ]
  }
}