{
  "image_size": {
    "w": 1920,
    "h": 1080
  },
  "line1": {
    "abc": [
      0.9927926659574117,
      -0.11984445899712975,
      -1331.9409452649427
    ],
    "p1": [
      1341.6103794244584,
      0.0
    ],
    "p2": [
      1471.8613126676037,
      1079.0
    ],
    "inliers": 3747,
    "centroid": [
      1408.7518310546875,
      556.200439453125
    ]
  },
  "line2": {
    "abc": [
      0.9983808994283229,
      0.05688231065863643,
      -723.1812432722531
    ],
    "p1": [
      724.3540453211292,
      0.0
    ],
    "p2": [
      662.8784970250703,
      1079.0
    ],
    "inliers": 2836,
    "centroid": [
      698.1375122070312,
      460.1445617675781
    ]
  }
}