{
  "image_size": {
    "w": 1920,
    "h": 1080
  },
  "line1": {
    "abc": [
      0.9924595355977623,
      -0.12257251888501307,
      -1329.9733328453515
    ],
    "p1": [
      1340.0781443893359,
      0.0
    ],
    "p2": [
      1473.3387390364223,
      1079.0
    ],
    "inliers": 3878,
    "centroid": [
      1408.93017578125,
      557.4891967773438
    ]
  },
  "line2": {
    "abc": [
      0.9983481764783412,
      0.05745329335326171,
      -723.1750666097133
    ],
    "p1": [
      724.371600658102,
      0.0
    ],
    "p2": [
      662.2769276885518,
      1079.0
    ],
    "inliers": 2680,
    "centroid": [
      695.5313720703125,
      501.14776611328125
    ]
  }
}