{
  "image_size": {
    "w": 1920,
    "h": 1080
  },
  "line1": {
    "abc": [
      0.992799222468337,
      -0.11979025602328718,
      -1336.2141945474675
    ],
    "p1": [
      1345.9057625219716,
      0.0
    ],
    "p2": [
      1476.0969263786183,
      1079.0
    ],
    "inliers": 3503,
    "centroid": [
      1415.137939453125,
      573.7833251953125
    ]
  },
  "line2": {
    "abc": [
      0.9981011152257474,
      0.06159674376243153,
      -730.0026717471649
    ],
    "p1": [
      731.3914999304005,
      0.0
    ],
    "p2": [
      664.8021679420966,
      1079.0
    ],
    "inliers": 2790,
    "centroid": [
      700.1053466796875,
      506.9544677734375
    ]
  }
}