{
  "image_size": {
    "w": 1920,
    "h": 1080
  },
  "line1": {
    "abc": [
      0.9915024638166049,
      -0.1300879716871868,
      -1353.1159265067474
    ],
    "p1": [
      1364.7126213869187,
      0.0
    ],
    "p2": [
      1506.2805211883633,
      1079.0
    ],
    "inliers": 3725,
    "centroid": [
      1437.5482177734375,
      555.13720703125
    ]
  },
  "line2": {
    "abc": [
      0.9984397292127161,
      0.0558395609259047,
      -748.0142378835263
    ],
    "p1": [
      749.1831664925295,
      0.0
    ],
    "p2": [
      688.8381256490928,
      1079.0
    ],
    "inliers": 2657,
    "centroid": [
      722.1309814453125,
      483.7068176269531
    ]
  }
}