{
  "image_size": {
    "w": 1920,
    "h": 1080
  },
  "line1": {
    "abc": [
      0.9927625656118001,
      -0.12009386718261153,
      -1336.4419153667588
    ],
    "p1": [
      1346.1848398193408,
      0.0
    ],
    "p2": [
      1476.7107955499357,
      1079.0
    ],
    "inliers": 3666,
    "centroid": [
      1413.7967529296875,
      558.9176025390625
    ]
  },
  "line2": {
    "abc": [
      0.9981906414021999,
      0.060128357261359164,
      -726.607262918878
    ],
    "p1": [
      727.9243390803409,
      0.0
    ],
    "p2": [
      662.9282403452646,
      1079.0
    ],
    "inliers": 2986,
    "centroid": [
      696.0810546875,
      528.6302490234375
    ]
  }
}