{
  "image_size": {
    "w": 1920,
    "h": 1080
  },
  "line1": {
    "abc": [
      0.9925311207761375,
      -0.12199167907225807,
      -1335.5345544088318
    ],
    "p1": [
      1345.5845629953378,
      0.0
    ],
    "p2": [
      1478.2041040491592,
      1079.0
    ],
    "inliers": 3744,
    "centroid": [
      1412.866943359375,
      547.4132080078125
    ]
  },
  "line2": {
    "abc": [
      0.9984691143025903,
      0.055311698466484066,
      -728.1646089021788
    ],
    "p1": [
      729.2810548384227,
      0.0
    ],
    "p2": [
      669.5082268255878,
      1079.0
    ],
    "inliers": 3133,
    "centroid": [
      703.291748046875,
      469.1506652832031
    ]
  }
}