{
  "image_size": {
    "w": 1920,
    "h": 1080
  },
  "line1": {
    "abc": [
      0.9926416873921957,
      -0.12108857929694464,
      -1339.3533102502408
    ],
    "p1": [
      1349.2817471417138,
      0.0
    ],
    "p2": [
      1480.9048481265722,
      1079.0
    ],
    "inliers": 3233,
    "centroid": [
      1418.21337890625,
      565.0773315429688
    ]
  },
  "line2": {
    "abc": [
      0.9980555176724943,
      0.06233131140464271,
      -735.630511319446
    ],
    "p1": [
      737.0637186946934,
      0.0
    ],
    "p2": [
      669.6772017978659,
      1079.0
    ],
    "inliers": 2939,
    "centroid": [
      705.92138671875,
      498.654296875
    ]
  }
}