{
  "image_size": {
    "w": 1920,
    "h": 1080
  },
  "line1": {
    "abc": [
      0.991813361643753,
      -0.1276957243679677,
      -1348.9894768845077
    ],
    "p1": [
      1360.1243228350938,
      0.0
    ],
    "p2": [
      1499.045305271432,
      1079.0
    ],
    "inliers": 3666,
    "centroid": [
      1433.3780517578125,
      568.9620971679688
    ]
  },
  "line2": {
    "abc": [
      0.9982620477666408,
      0.05893154814833469,
      -746.6291781264962
    ],
    "p1": [
      747.9290430773066,
      0.0
    ],
    "p2": [
      684.2311988145568,
      1079.0
    ],
    "inliers": 2528,
    "centroid": [
      718.263427734375,
      502.5162048339844
    ]
  }
}