{
  "image_size": {
    "w": 1920,
    "h": 1080
  },
  "line1": {
    "abc": [
      0.9914597272863009,
      -0.1304134130476601,
      -1347.6552285885755
    ],
    "p1": [
      1359.2637113735402,
      0.0
    ],
    "p2": [
      1501.1918893980533,
      1079.0
    ],
    "inliers": 3219,
    "centroid": [
      1430.922607421875,
      544.7822265625
    ]
  },
  "line2": {
    "abc": [
      -0.9984614849080591,
      -0.05544960871333299,
      744.7514587769538
    ],
    "p1": [
      745.899035700443,
      0.0
    ],
    "p2": [
      685.9767165063325,
      1079.0
    ],
    "inliers": 2633,
    "centroid": [
      718.0079956054688,
      502.2240905761719
    ]
  }
}