{
  "image_size": {
    "w": 1920,
    "h": 1080
  },
  "line1": {
    "abc": [
      0.9924237728108971,
      -0.12286181747901073,
      -1335.9626456730093
    ],
    "p1": [
      1346.1614708090758,
      0.0
    ],
    "p2": [
      1479.74140378909,
      1079.0
    ],
    "inliers": 3558,
    "centroid": [
      1416.6309814453125,
      569.2217407226562
    ]
  },
  "line2": {
    "abc": [
      0.9984117746343164,
      0.0563380010425481,
      -728.9881135817583
    ],
    "p1": [
      730.147752763394,
      0.0
    ],
    "p2": [
      669.2623498972528,
      1079.0
    ],
    "inliers": 2718,
    "centroid": [
      700.3840942382812,
      527.4661254882812
    ]
  }
}