{
  "image_size": {
    "w": 1920,
    "h": 1080
  },
  "line1": {
    "abc": [
      0.9927969574918355,
      -0.11980896443116604,
      -1328.8429804143163
    ],
    "p1": [
      1338.4841385608743,
      0.0
    ],
    "p2": [
      1468.6959322672335,
      1079.0
    ],
    "inliers": 3615,
    "centroid": [
      1406.2445068359375,
      561.4962768554688
    ]
  },
  "line2": {
    "abc": [
      0.9983915686597375,
      0.05669480934733443,
      -719.7778794395662
    ],
    "p1": [
      720.937457841127,
      0.0
    ],
    "p2": [
      659.6652063457595,
      1079.0
    ],
    "inliers": 2579,
    "centroid": [
      693.3536376953125,
      485.7491149902344
    ]
  }
}