{
  "image_size": {
    "w": 1920,
    "h": 1080
  },
  "line1": {
    "abc": [
      0.9922913908948511,
      -0.12392643094050411,
      -1332.2333983400813
    ],
    "p1": [
      1342.582844681006,
      0.0
    ],
    "p2": [
      1477.3382403357218,
      1079.0
    ],
    "inliers": 3898,
    "centroid": [
      1412.8507080078125,
      562.641845703125
    ]
  },
  "line2": {
    "abc": [
      0.9982811808576136,
      0.058605723082960644,
      -727.3250490460833
    ],
    "p1": [
      728.577341727754,
      0.0
    ],
    "p2": [
      665.2328888630916,
      1079.0
    ],
    "inliers": 2829,
    "centroid": [
      698.758544921875,
      507.928955078125
    ]
  }
}