{
  "image_size": {
    "w": 1920,
    "h": 1080
  },
  "line1": {
    "abc": [
      0.9927280545224753,
      -0.12037837505328537,
      -1339.5847978683587
    ],
    "p1": [
      1349.3975432302348,
      0.0
    ],
    "p2": [
      1480.2372692667616,
      1079.0
    ],
    "inliers": 3204,
    "centroid": [
      1422.7022705078125,
      604.5243530273438
    ]
  },
  "line2": {
    "abc": [
      0.9980581402768643,
      0.06228902190917461,
      -735.073280732921
    ],
    "p1": [
      736.5034671517327,
      0.0
    ],
    "p2": [
      669.1628464727057,
      1079.0
    ],
    "inliers": 2871,
    "centroid": [
      705.77392578125,
      492.3800048828125
    ]
  }
}