{
  "image_size": {
    "w": 1920,
    "h": 1080
  },
  "line1": {
    "abc": [
      0.9924116134633629,
      -0.12295991182314973,
      -1333.843869974143
    ],
    "p1": [
      1344.042987686565,
      0.0
    ],
    "p2": [
      1477.7312104534954,
      1079.0
    ],
    "inliers": 3503,
    "centroid": [
      1413.7076416015625,
      562.2646484375
    ]
  },
  "line2": {
    "abc": [
      0.9984120130528955,
      0.05633288994425862,
      -726.7351256969794
    ],
    "p1": [
      727.891007115193,
      0.0
    ],
    "p2": [
      667.0111424348842,
      1079.0
    ],
    "inliers": 2521,
    "centroid": [
      699.612060546875,
      501.1999206542969
    ]
  }
}