{
  "image_size": {
    "w": 1920,
    "h": 1080
  },
  "line1": {
    "abc": [
      0.9928744435300434,
      -0.11916497349727156,
      -1334.471106120291
    ],
    "p1": [
      1344.0481974495613,
      0.0
    ],
    "p2": [
      1473.5499760897778,
      1079.0
    ],
    "inliers": 3487,
    "centroid": [
      1410.193603515625,
      551.1190185546875
    ]
  },
  "line2": {
    "abc": [
      0.9982377886762173,
      0.05934075638645913,
      -723.9093839634726
    ],
    "p1": [
      725.187317265822,
      0.0
    ],
    "p2": [
      661.0456098817536,
      1079.0
    ],
    "inliers": 2930,
    "centroid": [
      696.0205078125,
      490.6477966308594
    ]
  }
}