{
  "image_size": {
    "w": 1920,
    "h": 1080
  },
  "line1": {
    "abc": [
      0.9924427270879357,
      -0.12270857393729336,
      -1335.1833580605833
    ],
    "p1": [
      1345.3505392480738,
      0.0
    ],
    "p2": [
      1478.7613121466172,
      1079.0
    ],
    "inliers": 3519,
    "centroid": [
      1411.36376953125,
      533.9019775390625
    ]
  },
  "line2": {
    "abc": [
      0.998392522334054,
      0.056677952408733905,
      -726.9764993728468
    ],
    "p1": [
      728.1469793797257,
      0.0
    ],
    "p2": [
      666.8930043338653,
      1079.0
    ],
    "inliers": 2697,
    "centroid": [
      699.3704223632812,
      506.9043273925781
    ]
  }
}