{
  "image_size": {
    "w": 1920,
    "h": 1080
  },
  "line1": {
    "abc": [
      0.9923700094213098,
      -0.12329525500523635,
      -1333.5405950745292
    ],
    "p1": [
      1343.793728563169,
      0.0
    ],
    "p2": [
      1477.852173384802,
      1079.0
    ],
    "inliers": 3393,
    "centroid": [
      1413.376708984375,
      560.0545043945312
    ]
  },
  "line2": {
    "abc": [
      0.9985660910596398,
      0.05353313684458147,
      -723.6609765833966
    ],
    "p1": [
      724.700130579715,
      0.0
    ],
    "p2": [
      666.8549311758295,
      1079.0
    ],
    "inliers": 2930,
    "centroid": [
      698.9569702148438,
      480.19317626953125
    ]
  }
}