{
  "image_size": {
    "w": 1920,
    "h": 1080
  },
  "line1": {
    "abc": [
      0.9922901391973108,
      -0.12393674254405025,
      -1330.9618447634423
    ],
    "p1": [
      1341.3031049971853,
      0.0
    ],
    "p2": [
      1476.0698833037864,
      1079.0
    ],
    "inliers": 3569,
    "centroid": [
      1411.728271484375,
      563.853759765625
    ]
  },
  "line2": {
    "abc": [
      0.9983031749715358,
      0.05823025479906934,
      -724.2688838529705
    ],
    "p1": [
      725.4999302928404,
      0.0
    ],
    "p2": [
      662.562691883289,
      1079.0
    ],
    "inliers": 2916,
    "centroid": [
      696.2513427734375,
      501.43963623046875
    ]
  }
}