{
  "image_size": {
    "w": 1920,
    "h": 1080
  },
  "line1": {
    "abc": [
      0.9920053482045743,
      -0.12619568407522933,
      -1328.1683059895936
    ],
    "p1": [
      1338.8721224068388,
      0.0
    ],
    "p2": [
      1476.134631488687,
      1079.0
    ],
    "inliers": 3461,
    "centroid": [
      1410.1282958984375,
      560.1340942382812
    ]
  },
  "line2": {
    "abc": [
      0.9985066652287987,
      0.05463041737670203,
      -721.9479860854818
    ],
    "p1": [
      723.0277085031315,
      0.0
    ],
    "p2": [
      663.9933300636502,
      1079.0
    ],
    "inliers": 2694,
    "centroid": [
      696.0927734375,
      492.3028869628906
    ]
  }
}