{
  "image_size": {
    "w": 1920,
    "h": 1080
  },
  "line1": {
    "abc": [
      0.9921727776517483,
      -0.12487258762108712,
      -1332.262597225402
    ],
    "p1": [
      1342.7727783245277,
      0.0
    ],
    "p2": [
      1478.5732407823334,
      1079.0
    ],
    "inliers": 3633,
    "centroid": [
      1413.0679931640625,
      558.529296875
    ]
  },
  "line2": {
    "abc": [
      0.9984528422345667,
      0.055604714900199595,
      -725.4205024215032
    ],
    "p1": [
      726.5445815127241,
      0.0
    ],
    "p2": [
      666.4541247185513,
      1079.0
    ],
    "inliers": 2841,
    "centroid": [
      699.1295166015625,
      492.2720947265625
    ]
  }
}