{
  "image_size": {
    "w": 1920,
    "h": 1080
  },
  "line1": {
    "abc": [
      0.9928983449925983,
      -0.11896591633546376,
      -1337.9149106593209
    ],
    "p1": [
      1347.4842791376539,
      0.0
    ],
    "p2": [
      1476.7666214573221,
      1079.0
    ],
    "inliers": 3459,
    "centroid": [
      1414.979736328125,
      563.3220825195312
    ]
  },
  "line2": {
    "abc": [
      0.9981767535199673,
      0.060358736663996417,
      -727.3640987950548
    ],
    "p1": [
      728.6926851683136,
      0.0
    ],
    "p2": [
      663.4466487015372,
      1079.0
    ],
    "inliers": 2848,
    "centroid": [
      698.5891723632812,
      497.83392333984375
    ]
  }
}