{
  "image_size": {
    "w": 1920,
    "h": 1080
  },
  "line1": {
    "abc": [
      0.9925616979589073,
      -0.12174290418612703,
      -1332.0933911516943
    ],
    "p1": [
      1342.0761589843696,
      0.0
    ],
    "p2": [
      1474.421174802489,
      1079.0
    ],
    "inliers": 3301,
    "centroid": [
      1411.8885498046875,
      569.1757202148438
    ]
  },
  "line2": {
    "abc": [
      0.9980837702741178,
      0.06187719106668006,
      -728.7897571318305
    ],
    "p1": [
      730.188966935784,
      0.0
    ],
    "p2": [
      663.2952941305334,
      1079.0
    ],
    "inliers": 2681,
    "centroid": [
      697.9410400390625,
      520.1614990234375
    ]
  }
}