{
  "image_size": {
    "w": 1920,
    "h": 1080
  },
  "line1": {
    "abc": [
      0.9925185441960899,
      -0.12209381163108059,
      -1337.9412711636403
    ],
    "p1": [
      1348.0264716336685,
      0.0
    ],
    "p2": [
      1480.7587248699451,
      1079.0
    ],
    "inliers": 3414,
    "centroid": [
      1420.8968505859375,
      592.3740234375
    ]
  },
  "line2": {
    "abc": [
      0.9979419708241973,
      0.0641238838433578,
      -735.3979701773773
    ],
    "p1": [
      736.9145618457296,
      0.0
    ],
    "p2": [
      667.5822031617478,
      1079.0
    ],
    "inliers": 2716,
    "centroid": [
      704.6936645507812,
      501.44476318359375
    ]
  }
}