{
  "image_size": {
    "w": 1920,
    "h": 1080
  },
  "line1": {
    "abc": [
      0.9929306507100666,
      -0.11869595944869568,
      -1334.7924431342103
    ],
    "p1": [
      1344.2957392640371,
      0.0
    ],
    "p2": [
      1473.2805179628867,
      1079.0
    ],
    "inliers": 3570,
    "centroid": [
      1410.1568603515625,
      550.9498901367188
    ]
  },
  "line2": {
    "abc": [
      0.9981999397267849,
      0.059974268078744036,
      -723.454517949247
    ],
    "p1": [
      724.7591280633238,
      0.0
    ],
    "p2": [
      659.9301968226777,
      1079.0
    ],
    "inliers": 2928,
    "centroid": [
      696.4959106445312,
      470.4074401855469
    ]
  }
}