{
  "image_size": {
    "w": 1920,
    "h": 1080
  },
  "line1": {
    "abc": [
      0.9924849867810814,
      -0.12236669659602326,
      -1337.6544797505169
    ],
    "p1": [
      1347.783087469082,
      0.0
    ],
    "p2": [
      1480.8165009571114,
      1079.0
    ],
    "inliers": 3374,
    "centroid": [
      1417.1197509765625,
      562.3719482421875
    ]
  },
  "line2": {
    "abc": [
      0.9980803728093656,
      0.061932172626195006,
      -731.3334010459195
    ],
    "p1": [
      732.7399886518007,
      0.0
    ],
    "p2": [
      665.7866489367153,
      1079.0
    ],
    "inliers": 2715,
    "centroid": [
      701.7281494140625,
      499.77752685546875
    ]
  }
}