{
  "image_size": {
    "w": 1920,
    "h": 1080
  },
  "line1": {
    "abc": [
      0.9923067688932031,
      -0.12380338460194604,
      -1330.0079820129658
    ],
    "p1": [
      1340.319368673084,
      0.0
    ],
    "p2": [
      1474.9388796681526,
      1079.0
    ],
    "inliers": 3252,
    "centroid": [
      1410.4815673828125,
      562.3628540039062
    ]
  },
  "line2": {
    "abc": [
      0.9985374212255028,
      0.05406491458410578,
      -721.8378910892782
    ],
    "p1": [
      722.8951822390072,
      0.0
    ],
    "p2": [
      664.4736933731674,
      1079.0
    ],
    "inliers": 3025,
    "centroid": [
      695.3639526367188,
      508.48065185546875
    ]
  }
}