{
  "image_size": {
    "w": 1920,
    "h": 1080
  },
  "line1": {
    "abc": [
      0.9930484294881426,
      -0.11770623922336251,
      -1335.8018544958495
    ],
    "p1": [
      1345.1527788875069,
      0.0
    ],
    "p2": [
      1473.0468758425482,
      1079.0
    ],
    "inliers": 3362,
    "centroid": [
      1412.0966796875,
      564.783447265625
    ]
  },
  "line2": {
    "abc": [
      0.998275279997781,
      0.05870693922036976,
      -724.4645555374368
    ],
    "p1": [
      725.7162128055973,
      0.0
    ],
    "p2": [
      662.2619846102243,
      1079.0
    ],
    "inliers": 3071,
    "centroid": [
      696.2963256835938,
      500.26702880859375
    ]
  }
}