{
  "image_size": {
    "w": 1920,
    "h": 1080
  },
  "line1": {
    "abc": [
      0.9912346005429845,
      -0.13211326301084658,
      -1352.5192612641565
    ],
    "p1": [
      1364.4794688596073,
      0.0
    ],
    "p2": [
      1508.290238490345,
      1079.0
    ],
    "inliers": 3288,
    "centroid": [
      1436.63232421875,
      541.3567504882812
    ]
  },
  "line2": {
    "abc": [
      0.9984810352315454,
      0.05509618669742796,
      -748.8580730188859
    ],
    "p1": [
      749.9972924826033,
      0.0
    ],
    "p2": [
      690.4580690533484,
      1079.0
    ],
    "inliers": 2658,
    "centroid": [
      722.5669555664062,
      497.1064758300781
    ]
  }
}