{
  "image_size": {
    "w": 1920,
    "h": 1080
  },
  "line1": {
    "abc": [
      0.9927625060071553,
      -0.12009397149073989,
      -1335.693855689174
    ],
    "p1": [
      1345.4314074181473,
      0.0
    ],
    "p2": [
      1475.9574843543912,
      1079.0
    ],
    "inliers": 3406,
    "centroid": [
      1414.5023193359375,
      570.9779663085938
    ]
  },
  "line2": {
    "abc": [
      0.9981693029393703,
      0.06048136949533136,
      -725.5785105769138
    ],
    "p1": [
      726.9092612247825,
      0.0
    ],
    "p2": [
      661.5301742369446,
      1079.0
    ],
    "inliers": 2926,
    "centroid": [
      696.38720703125,
      503.7283020019531
    ]
  }
}