{
  "image_size": {
    "w": 1920,
    "h": 1080
  },
  "line1": {
    "abc": [
      0.9924884438504784,
      -0.1223383173345296,
      -1334.7237925285783
    ],
    "p1": [
      1344.8255249707056,
      0.0
    ],
    "p2": [
      1477.827622095218,
      1079.0
    ],
    "inliers": 3539,
    "centroid": [
      1414.273193359375,
      563.4049072265625
    ]
  },
  "line2": {
    "abc": [
      0.9984565377225427,
      0.055538285523597485,
      -727.2128405277739
    ],
    "p1": [
      728.3370012144247,
      0.0
    ],
    "p2": [
      668.3185549266663,
      1079.0
    ],
    "inliers": 2814,
    "centroid": [
      700.1162109375,
      507.347900390625
    ]
  }
}