{
  "image_size": {
    "w": 1920,
    "h": 1080
  },
  "line1": {
    "abc": [
      0.9927926063527669,
      -0.11984488368022377,
      -1337.4116782453198
    ],
    "p1": [
      1347.1209089263705,
      0.0
    ],
    "p2": [
      1477.3723115491384,
      1079.0
    ],
    "inliers": 3417,
    "centroid": [
      1415.8270263671875,
      569.1600952148438
    ]
  },
  "line2": {
    "abc": [
      0.9980756640424283,
      0.062007918953833556,
      -730.4741677687468
    ],
    "p1": [
      731.8825556873755,
      0.0
    ],
    "p2": [
      664.8470122294777,
      1079.0
    ],
    "inliers": 2579,
    "centroid": [
      701.0806274414062,
      495.78594970703125
    ]
  }
}