{
  "image_size": {
    "w": 1920,
    "h": 1080
  },
  "line1": {
    "abc": [
      0.9983070492734462,
      0.058163415640534406,
      -723.1205730858346
    ],
    "p1": [
      724.3468566230316,
      0.0
    ],
    "p2": [
      661.4821042186373,
      1079.0
    ],
    "inliers": 3319,
    "centroid": [
      695.3136596679688,
      498.3208923339844
    ]
  },
  "line2": {
    "abc": [
      0.9928397536267841,
      -0.11945392936456178,
      -1332.8920922909917
    ],
    "p1": [
      1342.5047571091072,
      0.0
    ],
    "p2": [
      1472.325092478971,
      1079.0
    ],
    "inliers": 3274,
    "centroid": [
      1408.6309814453125,
      549.6072387695312
    ]
  }
}