{
  "image_size": {
    "w": 1920,
    "h": 1080
  },
  "line1": {
    "abc": [
      0.9925132393827049,
      -0.12213692069041435,
      -1332.3223580895692
    ],
    "p1": [
      1342.3723787485285,
      0.0
    ],
    "p2": [
      1475.1522069621262,
      1079.0
    ],
    "inliers": 3242,
    "centroid": [
      1412.24462890625,
      567.7982788085938
    ]
  },
  "line2": {
    "abc": [
      0.9982438087453396,
      0.05923948436969555,
      -727.8701025226864
    ],
    "p1": [
      729.1506304832712,
      0.0
    ],
    "p2": [
      665.1187746631588,
      1079.0
    ],
    "inliers": 2572,
    "centroid": [
      701.380615234375,
      467.9521789550781
    ]
  }
}