{
  "image_size": {
    "w": 1920,
    "h": 1080
  },
  "line1": {
    "abc": [
      0.9912081360807042,
      -0.1323118209837544,
      -1358.686854529458
    ],
    "p1": [
      1370.7381982373415,
      0.0
    ],
    "p2": [
      1514.7689518648995,
      1079.0
    ],
    "inliers": 3764,
    "centroid": [
      1440.5369873046875,
      522.89453125
    ]
  },
  "line2": {
    "abc": [
      0.9987428188313986,
      0.050127647817084724,
      -748.7318042692397
    ],
    "p1": [
      749.6742806574671,
      0.0
    ],
    "p2": [
      695.5184649912068,
      1079.0
    ],
    "inliers": 2628,
    "centroid": [
      726.43115234375,
      463.09588623046875
    ]
  }
}