{
  "image_size": {
    "w": 1920,
    "h": 1080
  },
  "line1": {
    "abc": [
      0.9910956025113684,
      -0.13315202295766865,
      -1355.5528881949044
    ],
    "p1": [
      1367.7317150434592,
      0.0
    ],
    "p2": [
      1512.6935455745117,
      1079.0
    ],
    "inliers": 3345,
    "centroid": [
      1442.5048828125,
      556.56201171875
    ]
  },
  "line2": {
    "abc": [
      0.9985208511342553,
      0.05437037348741816,
      -748.861860715551
    ],
    "p1": [
      749.9711797353979,
      0.0
    ],
    "p2": [
      691.2186429943936,
      1079.0
    ],
    "inliers": 2869,
    "centroid": [
      722.7086181640625,
      500.6814270019531
    ]
  }
}