{
  "image_size": {
    "w": 1920,
    "h": 1080
  },
  "line1": {
    "abc": [
      0.9912617802610021,
      -0.13190919160829703,
      -1353.4613602083625
    ],
    "p1": [
      1365.3924595498802,
      0.0
    ],
    "p2": [
      1508.97715188804,
      1079.0
    ],
    "inliers": 3595,
    "centroid": [
      1436.2728271484375,
      532.646728515625
    ]
  },
  "line2": {
    "abc": [
      0.9985427260388878,
      0.05396684631699887,
      -747.528613971346
    ],
    "p1": [
      748.6195577596484,
      0.0
    ],
    "p2": [
      690.3043493488527,
      1079.0
    ],
    "inliers": 2638,
    "centroid": [
      720.8859252929688,
      513.1524047851562
    ]
  }
}