{
  "image_size": {
    "w": 1920,
    "h": 1080
  },
  "line1": {
    "abc": [
      0.9907796382894144,
      -0.13548338413224975,
      -1356.8006309297089
    ],
    "p1": [
      1369.4272454692664,
      0.0
    ],
    "p2": [
      1516.9742537334746,
      1079.0
    ],
    "inliers": 3819,
    "centroid": [
      1445.4388427734375,
      555.8670043945312
    ]
  },
  "line2": {
    "abc": [
      0.9985767602910546,
      0.05333366617555053,
      -746.0978072376747
    ],
    "p1": [
      747.1611967218324,
      0.0
    ],
    "p2": [
      689.5321509721138,
      1079.0
    ],
    "inliers": 3104,
    "centroid": [
      720.0148315429688,
      508.2667541503906
    ]
  }
}