{
  "image_size": {
    "w": 1920,
    "h": 1080
  },
  "line1": {
    "abc": [
      0.992820441721877,
      -0.11961438506829697,
      -1338.3280277439997
    ],
    "p1": [
      1348.0061162146287,
      0.0
    ],
    "p2": [
      1478.0033604946248,
      1079.0
    ],
    "inliers": 3598,
    "centroid": [
      1414.2381591796875,
      549.7376098632812
    ]
  },
  "line2": {
    "abc": [
      0.9981442689885648,
      0.060893658548532625,
      -727.4868241519093
    ],
    "p1": [
      728.8393539433764,
      0.0
    ],
    "p2": [
      663.0129402522516,
      1079.0
    ],
    "inliers": 2658,
    "centroid": [
      697.1964111328125,
      518.6783447265625
    ]
  }
}