{
  "image_size": {
    "w": 1920,
    "h": 1080
  },
  "line1": {
    "abc": [
      0.9926980733861532,
      -0.12062536925065374,
      -1334.7409780215398
    ],
    "p1": [
      1344.5588480580582,
      0.0
    ],
    "p2": [
      1475.6709927381517,
      1079.0
    ],
    "inliers": 3409,
    "centroid": [
      1411.1572265625,
      548.0777587890625
    ]
  },
  "line2": {
    "abc": [
      0.9982319474210293,
      0.059438526630342166,
      -726.4421226946954
    ],
    "p1": [
      727.7287854506026,
      0.0
    ],
    "p2": [
      663.4810217922341,
      1079.0
    ],
    "inliers": 3166,
    "centroid": [
      697.6146850585938,
      505.74700927734375
    ]
  }
}