{
  "image_size": {
    "w": 1920,
    "h": 1080
  },
  "line1": {
    "abc": [
      0.9926027059545127,
      -0.12140791118132847,
      -1333.3504733968757
    ],
    "p1": [
      1343.2871635330582,
      0.0
    ],
    "p2": [
      1475.2625605159642,
      1079.0
    ],
    "inliers": 3377,
    "centroid": [
      1413.265380859375,
      572.1255493164062
    ]
  },
  "line2": {
    "abc": [
      0.9981892108907253,
      0.060152169316946905,
      -727.3062146055292
    ],
    "p1": [
      728.6256019102069,
      0.0
    ],
    "p2": [
      663.6036702114371,
      1079.0
    ],
    "inliers": 2716,
    "centroid": [
      698.9153442382812,
      493.02392578125
    ]
  }
}