{
  "image_size": {
    "w": 1920,
    "h": 1080
  },
  "line1": {
    "abc": [
      0.9910373091687782,
      -0.13358527421937935,
      -1357.6744752345612
    ],
    "p1": [
      1369.9529398881016,
      0.0
    ],
    "p2": [
      1515.3950030164867,
      1079.0
    ],
    "inliers": 3501,
    "centroid": [
      1442.4578857421875,
      537.8969116210938
    ]
  },
  "line2": {
    "abc": [
      0.9985470175733117,
      0.05388761684293126,
      -750.7661620870587
    ],
    "p1": [
      751.8585994193695,
      0.0
    ],
    "p2": [
      693.6292546311518,
      1079.0
    ],
    "inliers": 2734,
    "centroid": [
      725.0350952148438,
      497.04425048828125
    ]
  }
}