{
  "image_size": {
    "w": 1920,
    "h": 1080
  },
  "line1": {
    "abc": [
      0.9927657246579732,
      -0.12006741017091187,
      -1334.6409535939958
    ],
    "p1": [
      1344.3664708043837,
      0.0
    ],
    "p2": [
      1474.8632560545466,
      1079.0
    ],
    "inliers": 3557,
    "centroid": [
      1412.44677734375,
      562.9154052734375
    ]
  },
  "line2": {
    "abc": [
      0.998212397097543,
      0.05976669490331395,
      -725.186433307547
    ],
    "p1": [
      726.4851001812227,
      0.0
    ],
    "p2": [
      661.8813505301611,
      1079.0
    ],
    "inliers": 3087,
    "centroid": [
      694.5931396484375,
      532.6536865234375
    ]
  }
}