{
  "image_size": {
    "w": 1920,
    "h": 1080
  },
  "line1": {
    "abc": [
      0.9929093718518818,
      -0.11887380480754407,
      -1333.8038378559897
    ],
    "p1": [
      1343.3288834491545,
      0.0
    ],
    "p2": [
      1472.5096919131863,
      1079.0
    ],
    "inliers": 3372,
    "centroid": [
      1411.803955078125,
      571.9472045898438
    ]
  },
  "line2": {
    "abc": [
      0.9983491301526576,
      0.05743698030704476,
      -722.8246460105976
    ],
    "p1": [
      724.019908646658,
      0.0
    ],
    "p2": [
      661.9429258762871,
      1079.0
    ],
    "inliers": 2969,
    "centroid": [
      695.4459228515625,
      496.662841796875
    ]
  }
}