{
  "image_size": {
    "w": 1920,
    "h": 1080
  },
  "line1": {
    "abc": [
      0.9922767877568812,
      -0.1240434050558757,
      -1333.830615610908
    ],
    "p1": [
      1344.212252133939,
      0.0
    ],
    "p2": [
      1479.096828400055,
      1079.0
    ],
    "inliers": 3226,
    "centroid": [
      1413.8143310546875,
      556.777099609375
    ]
  },
  "line2": {
    "abc": [
      0.9984520077695398,
      0.05562051385635536,
      -726.8117598172992
    ],
    "p1": [
      727.9386031191797,
      0.0
    ],
    "p2": [
      667.8310226005377,
      1079.0
    ],
    "inliers": 2873,
    "centroid": [
      700.7584228515625,
      487.9154052734375
    ]
  }
}