{
  "image_size": {
    "w": 1920,
    "h": 1080
  },
  "line1": {
    "abc": [
      0.9927086830129233,
      -0.12053819000708924,
      -1329.6153966312613
    ],
    "p1": [
      1339.3812498907619,
      0.0
    ],
    "p2": [
      1470.3972359934605,
      1079.0
    ],
    "inliers": 3620,
    "centroid": [
      1406.25244140625,
      550.726806640625
    ]
  },
  "line2": {
    "abc": [
      0.998527288435891,
      0.05425193533295928,
      -720.1763749266628
    ],
    "p1": [
      721.2385512816164,
      0.0
    ],
    "p2": [
      662.6143765573005,
      1079.0
    ],
    "inliers": 2643,
    "centroid": [
      695.34130859375,
      476.64849853515625
    ]
  }
}