{
  "image_size": {
    "w": 1920,
    "h": 1080
  },
  "line1": {
    "abc": [
      0.9928080439557637,
      -0.11971710622298666,
      -1336.0648238632684
    ],
    "p1": [
      1345.7433508896904,
      0.0
    ],
    "p2": [
      1475.8538575490807,
      1079.0
    ],
    "inliers": 3590,
    "centroid": [
      1413.528076171875,
      562.1353759765625
    ]
  },
  "line2": {
    "abc": [
      0.9981492757787259,
      0.06081153824919341,
      -726.7728496816333
    ],
    "p1": [
      728.1203997414385,
      0.0
    ],
    "p2": [
      662.3830883360995,
      1079.0
    ],
    "inliers": 3009,
    "centroid": [
      693.7769775390625,
      563.70654296875
    ]
  }
}