{
  "image_size": {
    "w": 1920,
    "h": 1080
  },
  "line1": {
    "abc": [
      0.9929383397092426,
      -0.11863157898175773,
      -1343.496775641638
    ],
    "p1": [
      1353.051566157721,
      0.0
    ],
    "p2": [
      1481.9653854778605,
      1079.0
    ],
    "inliers": 3381,
    "centroid": [
      1421.2271728515625,
      570.625244140625
    ]
  },
  "line2": {
    "abc": [
      0.9980478286733183,
      0.062454242259201535,
      -735.706849840836
    ],
    "p1": [
      737.1458849009209,
      0.0
    ],
    "p2": [
      669.6259470165253,
      1079.0
    ],
    "inliers": 2794,
    "centroid": [
      705.0526123046875,
      512.8654174804688
    ]
  }
}