{
  "image_size": {
    "w": 1920,
    "h": 1080
  },
  "line1": {
    "abc": [
      0.9929447770108784,
      -0.11857750266778531,
      -1334.8030828040348
    ],
    "p1": [
      1344.2873296763523,
      0.0
    ],
    "p2": [
      1473.141550314585,
      1079.0
    ],
    "inliers": 3330,
    "centroid": [
      1412.281982421875,
      569.3739013671875
    ]
  },
  "line2": {
    "abc": [
      0.9981482624997647,
      0.060828249901472294,
      -728.3735114195412
    ],
    "p1": [
      729.7247701412623,
      0.0
    ],
    "p2": [
      663.9693266770664,
      1079.0
    ],
    "inliers": 2768,
    "centroid": [
      699.8171997070312,
      490.7619323730469
    ]
  }
}