{
  "image_size": {
    "w": 1920,
    "h": 1080
  },
  "line1": {
    "abc": [
      0.9925752282132713,
      -0.12163227796542402,
      -1340.649518877106
    ],
    "p1": [
      1350.6779947454472,
      0.0
    ],
    "p2": [
      1482.9009479224464,
      1079.0
    ],
    "inliers": 3324,
    "centroid": [
      1422.524658203125,
      586.3017578125
    ]
  },
  "line2": {
    "abc": [
      0.9980422854413542,
      0.06254234910005037,
      -739.265435796434
    ],
    "p1": [
      740.7155454034856,
      0.0
    ],
    "p2": [
      673.0999787452935,
      1079.0
    ],
    "inliers": 2884,
    "centroid": [
      708.5845947265625,
      512.7413330078125
    ]
  }
}