{
  "image_size": {
    "w": 1920,
    "h": 1080
  },
  "line1": {
    "abc": [
      0.9925680756558982,
      -0.12169054150569189,
      -1338.8199675691264
    ],
    "p1": [
      1348.8444776791978,
      0.0
    ],
    "p2": [
      1481.1317207460015,
      1079.0
    ],
    "inliers": 3283,
    "centroid": [
      1418.9058837890625,
      571.4553833007812
    ]
  },
  "line2": {
    "abc": [
      0.9980463981618437,
      0.06247707456344078,
      -735.3924536723788
    ],
    "p1": [
      736.8319298850145,
      0.0
    ],
    "p2": [
      669.2872109439809,
      1079.0
    ],
    "inliers": 2937,
    "centroid": [
      705.7197875976562,
      497.00408935546875
    ]
  }
}