{
  "image_size": {
    "w": 1920,
    "h": 1080
  },
  "line1": {
    "abc": [
      0.9926080703725425,
      -0.12136399745929025,
      -1332.0976699550877
    ],
    "p1": [
      1342.017770876202,
      0.0
    ],
    "p2": [
      1473.944718850165,
      1079.0
    ],
    "inliers": 3536,
    "centroid": [
      1412.3328857421875,
      575.091064453125
    ]
  },
  "line2": {
    "abc": [
      0.9981962442388088,
      0.06003552675241188,
      -723.6533010005317
    ],
    "p1": [
      724.9609534970406,
      0.0
    ],
    "p2": [
      660.0655646997703,
      1079.0
    ],
    "inliers": 2662,
    "centroid": [
      694.7404174804688,
      502.4695739746094
    ]
  }
}