{
  "image_size": {
    "w": 1920,
    "h": 1080
  },
  "line1": {
    "abc": [
      0.9915330409993746,
      -0.12985487282263167,
      -1350.9385093710239
    ],
    "p1": [
      1362.4745253162735,
      0.0
    ],
    "p2": [
      1503.7843979902068,
      1079.0
    ],
    "inliers": 3413,
    "centroid": [
      1435.045166015625,
      554.1277465820312
    ]
  },
  "line2": {
    "abc": [
      0.9984933137883691,
      0.054874036461060004,
      -745.8889494460632
    ],
    "p1": [
      747.0144658416356,
      0.0
    ],
    "p2": [
      687.7160363741017,
      1079.0
    ],
    "inliers": 2780,
    "centroid": [
      719.3125610351562,
      504.0665588378906
    ]
  }
}