{
  "image_size": {
    "w": 1920,
    "h": 1080
  },
  "line1": {
    "abc": [
      0.9921825528134913,
      -0.12479472160326875,
      -1337.062721713564
    ],
    "p1": [
      1347.597493951199,
      0.0
    ],
    "p2": [
      1483.3119390682753,
      1079.0
    ],
    "inliers": 3109,
    "centroid": [
      1422.550048828125,
      595.9115600585938
    ]
  },
  "line2": {
    "abc": [
      0.9979904890050444,
      0.06336420029395443,
      -739.0469957869597
    ],
    "p1": [
      740.5351092311103,
      0.0
    ],
    "p2": [
      672.0274702601828,
      1079.0
    ],
    "inliers": 3094,
    "centroid": [
      709.4098510742188,
      490.2249450683594
    ]
  }
}