{
  "image_size": {
    "w": 1920,
    "h": 1080
  },
  "line1": {
    "abc": [
      0.9923250079145044,
      -0.12365709245192559,
      -1335.3930552151992
    ],
    "p1": [
      1345.7214567449987,
      0.0
    ],
    "p2": [
      1480.1794233299981,
      1079.0
    ],
    "inliers": 3551,
    "centroid": [
      1415.9073486328125,
      563.2286376953125
    ]
  },
  "line2": {
    "abc": [
      0.9983615875234156,
      0.057219874113740916,
      -728.9997011678136
    ],
    "p1": [
      730.1960635086189,
      0.0
    ],
    "p2": [
      668.3544973463206,
      1079.0
    ],
    "inliers": 2939,
    "centroid": [
      702.0255126953125,
      491.51446533203125
    ]
  }
}