{
  "image_size": {
    "w": 1920,
    "h": 1080
  },
  "line1": {
    "abc": [
      0.9924062490453331,
      -0.12300358712660886,
      -1333.165800263795
    ],
    "p1": [
      1343.3669946619773,
      0.0
    ],
    "p2": [
      1477.10342632722,
      1079.0
    ],
    "inliers": 3471,
    "centroid": [
      1411.8648681640625,
      552.6482543945312
    ]
  },
  "line2": {
    "abc": [
      0.9984667301167993,
      0.055354829877559616,
      -724.5467286331109
    ],
    "p1": [
      725.6593602756843,
      0.0
    ],
    "p2": [
      665.8397792758246,
      1079.0
    ],
    "inliers": 3049,
    "centroid": [
      696.857666015625,
      519.5126342773438
    ]
  }
}