{
  "image_size": {
    "w": 1920,
    "h": 1080
  },
  "line1": {
    "abc": [
      0.9922413229932399,
      -0.12432702630745851,
      -1331.8067381527605
    ],
    "p1": [
      1342.2205942150972,
      0.0
    ],
    "p2": [
      1477.4184117995012,
      1079.0
    ],
    "inliers": 3565,
    "centroid": [
      1410.4205322265625,
      544.2967529296875
    ]
  },
  "line2": {
    "abc": [
      0.998451948164895,
      0.055621258914415043,
      -722.9669374951147
    ],
    "p1": [
      724.0878630402715,
      0.0
    ],
    "p2": [
      663.9794737693015,
      1079.0
    ],
    "inliers": 2908,
    "centroid": [
      695.6104125976562,
      511.1960144042969
    ]
  }
}