{
  "image_size": {
    "w": 1920,
    "h": 1080
  },
  "line1": {
    "abc": [
      0.9924449920644371,
      -0.12269022315728315,
      -1334.075124326775
    ],
    "p1": [
      1344.2307986780154,
      0.0
    ],
    "p2": [
      1477.6213158807193,
      1079.0
    ],
    "inliers": 3540,
    "centroid": [
      1412.992431640625,
      556.2149658203125
    ]
  },
  "line2": {
    "abc": [
      0.9983428716649562,
      0.05754583328956571,
      -726.6506448317971
    ],
    "p1": [
      727.8567969538836,
      0.0
    ],
    "p2": [
      665.6617777057475,
      1079.0
    ],
    "inliers": 2718,
    "centroid": [
      699.0669555664062,
      499.4650573730469
    ]
  }
}