{
  "image_size": {
    "w": 1920,
    "h": 1080
  },
  "line1": {
    "abc": [
      0.9915190935124971,
      -0.1299610882996213,
      -1342.2772273497603
    ],
    "p1": [
      1353.7583251117112,
      0.0
    ],
    "p2": [
      1495.1857723417265,
      1079.0
    ],
    "inliers": 3180,
    "centroid": [
      1428.98779296875,
      573.9522094726562
    ]
  },
  "line2": {
    "abc": [
      0.998214244841531,
      0.05973507091397034,
      -742.1996126523592
    ],
    "p1": [
      743.527370489674,
      0.0
    ],
    "p2": [
      678.9579237509067,
      1079.0
    ],
    "inliers": 2744,
    "centroid": [
      714.3341674804688,
      487.83856201171875
    ]
  }
}