{
  "image_size": {
    "w": 1920,
    "h": 1080
  },
  "line1": {
    "abc": [
      0.9925395250310508,
      -0.12192344665515151,
      -1337.2770194247
    ],
    "p1": [
      1347.3287317025126,
      0.0
    ],
    "p2": [
      1479.8729736426942,
      1079.0
    ],
    "inliers": 3282,
    "centroid": [
      1419.0462646484375,
      583.829345703125
    ]
  },
  "line2": {
    "abc": [
      0.9979510903348479,
      0.0639810785650567,
      -735.1674081307663
    ],
    "p1": [
      736.6767923306659,
      0.0
    ],
    "p2": [
      667.4994704756115,
      1079.0
    ],
    "inliers": 2700,
    "centroid": [
      705.4096069335938,
      487.6929626464844
    ]
  }
}