{
  "image_size": {
    "w": 1920,
    "h": 1080
  },
  "line1": {
    "abc": [
      0.9925874471654502,
      -0.12153259664761787,
      -1340.6779696719616
    ],
    "p1": [
      1350.6900308890263,
      0.0
    ],
    "p2": [
      1482.8029970133314,
      1079.0
    ],
    "inliers": 3393,
    "centroid": [
      1419.4075927734375,
      561.2337036132812
    ]
  },
  "line2": {
    "abc": [
      0.9979109168042694,
      0.06460482627146935,
      -738.7110280331469
    ],
    "p1": [
      740.2574875108196,
      0.0
    ],
    "p2": [
      670.4029480193069,
      1079.0
    ],
    "inliers": 2702,
    "centroid": [
      707.0195922851562,
      513.4052734375
    ]
  }
}