{
  "image_size": {
    "w": 1920,
    "h": 1080
  },
  "line1": {
    "abc": [
      0.9918476343144987,
      -0.12742927670466075,
      -1348.3446678861578
    ],
    "p1": [
      1359.4272156711318,
      0.0
    ],
    "p2": [
      1498.0535377063275,
      1079.0
    ],
    "inliers": 3421,
    "centroid": [
      1429.9014892578125,
      548.5375366210938
    ]
  },
  "line2": {
    "abc": [
      0.9983628988256007,
      0.05719741433853151,
      -744.4047366635077
    ],
    "p1": [
      745.6254008829552,
      0.0
    ],
    "p2": [
      683.8081897827894,
      1079.0
    ],
    "inliers": 2871,
    "centroid": [
      716.69873046875,
      504.90594482421875
    ]
  }
}