{
  "image_size": {
    "w": 1920,
    "h": 1080
  },
  "line1": {
    "abc": [
      0.9983544945706874,
      0.057343512773456444,
      -723.4880652980123
    ],
    "p1": [
      724.6805310463662,
      0.0
    ],
    "p2": [
      662.7048995256544,
      1079.0
    ],
    "inliers": 3485,
    "centroid": [
      695.6542358398438,
      505.34979248046875
    ]
  },
  "line2": {
    "abc": [
      0.9927718043317403,
      -0.12001723796117224,
      -1331.986162878709
    ],
    "p1": [
      1341.6841182101282,
      0.0
    ],
    "p2": [
      1472.1255743383806,
      1079.0
    ],
    "inliers": 3409,
    "centroid": [
      1410.3194580078125,
      567.745361328125
    ]
  }
}