{
  "image_size": {
    "w": 1920,
    "h": 1080
  },
  "line1": {
    "abc": [
      0.9929323196401203,
      -0.11868203431356004,
      -1333.257041423591
    ],
    "p1": [
      1342.7471490774099,
      0.0
    ],
    "p2": [
      1471.716578807268,
      1079.0
    ],
    "inliers": 3162,
    "centroid": [
      1414.1280517578125,
      597.1957397460938
    ]
  },
  "line2": {
    "abc": [
      0.9981138110150846,
      0.06139082089060366,
      -726.4353699250263
    ],
    "p1": [
      727.808153647568,
      0.0
    ],
    "p2": [
      661.4422793254861,
      1079.0
    ],
    "inliers": 2429,
    "centroid": [
      697.3836669921875,
      494.6521301269531
    ]
  }
}