{
  "image_size": {
    "w": 1920,
    "h": 1080
  },
  "line1": {
    "abc": [
      0.992162227629623,
      -0.12495635449873825,
      -1340.2097195134934
    ],
    "p1": [
      1350.796958593547,
      0.0
    ],
    "p2": [
      1486.6899635371603,
      1079.0
    ],
    "inliers": 3235,
    "centroid": [
      1424.7218017578125,
      586.9684448242188
    ]
  },
  "line2": {
    "abc": [
      0.9981179833402188,
      0.061322573572335906,
      -741.5986220160747
    ],
    "p1": [
      742.996954662917,
      0.0
    ],
    "p2": [
      676.7051354702387,
      1079.0
    ],
    "inliers": 2853,
    "centroid": [
      711.6572265625,
      510.1016540527344
    ]
  }
}