{
  "image_size": {
    "w": 1920,
    "h": 1080
  },
  "line1": {
    "abc": [
      0.9917078018178559,
      -0.12851294875132105,
      -1342.028165136177
    ],
    "p1": [
      1353.2495788337696,
      0.0
    ],
    "p2": [
      1493.0745065478543,
      1079.0
    ],
    "inliers": 3452,
    "centroid": [
      1428.5491943359375,
      581.071533203125
    ]
  },
  "line2": {
    "abc": [
      0.9979963898648772,
      0.06327042728656163,
      -744.1797861100696
    ],
    "p1": [
      745.6738257448277,
      0.0
    ],
    "p2": [
      677.2679760488753,
      1079.0
    ],
    "inliers": 2897,
    "centroid": [
      714.291015625,
      495.01690673828125
    ]
  }
}