{
  "image_size": {
    "w": 1920,
    "h": 1080
  },
  "line1": {
    "abc": [
      0.9916231632222748,
      -0.1291647106407781,
      -1345.4593755068595
    ],
    "p1": [
      1356.8252794083546,
      0.0
    ],
    "p2": [
      1497.3713335450102,
      1079.0
    ],
    "inliers": 3713,
    "centroid": [
      1430.861328125,
      568.3894653320312
    ]
  },
  "line2": {
    "abc": [
      0.9983233213414698,
      0.05788367986673288,
      -743.1344889094424
    ],
    "p1": [
      744.3825792939263,
      0.0
    ],
    "p2": [
      681.8211933771066,
      1079.0
    ],
    "inliers": 2968,
    "centroid": [
      713.651611328125,
      530.0188598632812
    ]
  }
}