{
  "image_size": {
    "w": 1920,
    "h": 1080
  },
  "line1": {
    "abc": [
      0.992428839205703,
      -0.12282116711127396,
      -1332.6278690907043
    ],
    "p1": [
      1342.7943812649396,
      0.0
    ],
    "p2": [
      1476.3294359486902,
      1079.0
    ],
    "inliers": 3525,
    "centroid": [
      1410.57958984375,
      547.72314453125
    ]
  },
  "line2": {
    "abc": [
      0.9982547759999782,
      0.059053909033477854,
      -726.4722963847828
    ],
    "p1": [
      727.7423698344505,
      0.0
    ],
    "p2": [
      663.9118033507656,
      1079.0
    ],
    "inliers": 2822,
    "centroid": [
      698.1190795898438,
      500.755859375
    ]
  }
}