{
  "image_size": {
    "w": 1920,
    "h": 1080
  },
  "line1": {
    "abc": [
      0.9998855590810313,
      -0.015127179212853085,
      -1378.5288173401277
    ],
    "p1": [
      1378.6865955010867,
      0.0
    ],
    "p2": [
      1395.0106900161327,
      1079.0
    ],
    "inliers": 3009,
    "centroid": [
      1386.9202880859375,
      544.2356567382812
    ]
  },
  "line2": {
    "abc": [
      -0.9988920688619161,
      0.04706028848881783,
      544.2068579721682
    ],
    "p1": [
      544.8104704567414,
      0.0
    ],
    "p2": [
      595.6448427200913,
      1079.0
    ],
    "inliers": 2210,
    "centroid": [
      567.663330078125,
      485.07012939453125
    ]
  }
}