{
  "image_size": {
    "w": 1920,
    "h": 1080
  },
  "line1": {
    "abc": [
      0.9998855590810313,
      -0.015129712410256037,
      -1376.940872729661
    ],
    "p1": [
      1377.09846914398,
      0.0
    ],
    "p2": [
      1393.4252972918634,
      1079.0
    ],
    "inliers": 3009,
    "centroid": [
      1385.171142578125,
      533.503173828125
    ]
  },
  "line2": {
    "abc": [
      0.9989842772473835,
      -0.04506044462318683,
      -544.053162398825
    ],
    "p1": [
      544.6063314408884,
      0.0
    ],
    "p2": [
      593.2759860648706,
      1079.0
    ],
    "inliers": 2673,
    "centroid": [
      567.1754760742188,
      500.35504150390625
    ]
  }
}