{
  "image_size": {
    "w": 1920,
    "h": 1080
  },
  "line1": {
    "abc": [
      -0.9998131394376293,
      0.01933176442978833,
      1393.7037502529017
    ],
    "p1": [
      1393.9642271923196,
      0.0
    ],
    "p2": [
      1414.8270994601057,
      1079.0
    ],
    "inliers": 2796,
    "centroid": [
      1404.660888671875,
      553.2171020507812
    ]
  },
  "line2": {
    "abc": [
      -0.998801350592568,
      0.048946976661633175,
      545.1824186893577
    ],
    "p1": [
      545.8366855089978,
      0.0
    ],
    "p2": [
      598.7138545141946,
      1079.0
    ],
    "inliers": 2573,
    "centroid": [
      571.4613037109375,
      522.890380859375
    ]
  }
}