{
  "image_size": {
    "w": 1920,
    "h": 1080
  },
  "line1": {
    "abc": [
      -0.9997826814641491,
      0.020847201347330226,
      1397.8138838441364
    ],
    "p1": [
      1398.117720740155,
      0.0
    ],
    "p2": [
      1420.6167404479452,
      1079.0
    ],
    "inliers": 2412,
    "centroid": [
      1410.5692138671875,
      597.144287109375
    ]
  },
  "line2": {
    "abc": [
      -0.9983012080182582,
      0.05826390907162562,
      555.7108215717361
    ],
    "p1": [
      556.6564651112519,
      0.0
    ],
    "p2": [
      619.6302022792974,
      1079.0
    ],
    "inliers": 1728,
    "centroid": [
      577.3489379882812,
      354.5474548339844
    ]
  }
}