{
  "image_size": {
    "w": 1920,
    "h": 1080
  },
  "line1": {
    "abc": [
      0.9991192817677996,
      -0.04195990785952186,
      -554.3777701316754
    ],
    "p1": [
      554.8664511316234,
      0.0
    ],
    "p2": [
      600.1811011505049,
      1079.0
    ],
    "inliers": 2595,
    "centroid": [
      579.9992065429688,
      598.4431762695312
    ]
  },
  "line2": {
    "abc": [
      -0.9998229145993724,
      0.018819417804460777,
      1392.075660565567
    ],
    "p1": [
      1392.3222205037875,
      0.0
    ],
    "p2": [
      1412.6319688747276,
      1079.0
    ],
    "inliers": 2476,
    "centroid": [
      1402.1983642578125,
      524.6918334960938
    ]
  }
}