{
  "image_size": {
    "w": 1920,
    "h": 1080
  },
  "line1": {
    "abc": [
      0.9998400211324229,
      -0.01788500696418881,
      -1390.0757795004336
    ],
    "p1": [
      1390.2981978317173,
      0.0
    ],
    "p2": [
      1409.5992080998426,
      1079.0
    ],
    "inliers": 3037,
    "centroid": [
      1400.137939453125,
      550.0790405273438
    ]
  },
  "line2": {
    "abc": [
      -0.9986398220052268,
      0.05213880538935215,
      539.6645938328426
    ],
    "p1": [
      540.3996335227437,
      0.0
    ],
    "p2": [
      596.7340293433988,
      1079.0
    ],
    "inliers": 2147,
    "centroid": [
      570.5477294921875,
      577.4411010742188
    ]
  }
}