{
  "image_size": {
    "w": 1920,
    "h": 1080
  },
  "line1": {
    "abc": [
      -0.9998189210881725,
      0.019029345363359495,
      1390.3158257261089
    ],
    "p1": [
      1390.5676281990457,
      0.0
    ],
    "p2": [
      1411.10401055188,
      1079.0
    ],
    "inliers": 2866,
    "centroid": [
      1401.5467529296875,
      576.8530883789062
    ]
  },
  "line2": {
    "abc": [
      -0.9986969232549217,
      0.05103363841766976,
      545.9262841910529
    ],
    "p1": [
      546.6385962337674,
      0.0
    ],
    "p2": [
      601.7757400162861,
      1079.0
    ],
    "inliers": 2564,
    "centroid": [
      576.1817626953125,
      578.1416015625
    ]
  }
}