{
  "image_size": {
    "w": 1920,
    "h": 1080
  },
  "line1": {
    "abc": [
      -0.9998640418042674,
      0.01649043522773524,
      1382.7779489448783
    ],
    "p1": [
      1382.9659745035315,
      0.0
    ],
    "p2": [
      1400.761573571799,
      1079.0
    ],
    "inliers": 2811,
    "centroid": [
      1391.940185546875,
      544.133056640625
    ]
  },
  "line2": {
    "abc": [
      -0.9990387558927082,
      0.04383505508299258,
      547.1508756716152
    ],
    "p1": [
      547.6773272751557,
      0.0
    ],
    "p2": [
      595.0208604019413,
      1079.0
    ],
    "inliers": 2729,
    "centroid": [
      572.3283081054688,
      561.817138671875
    ]
  }
}