{
  "image_size": {
    "w": 1920,
    "h": 1080
  },
  "line1": {
    "abc": [
      -0.999797284602119,
      0.02013531140981091,
      1393.4289520512514
    ],
    "p1": [
      1393.7114788282133,
      0.0
    ],
    "p2": [
      1415.4418849273177,
      1079.0
    ],
    "inliers": 2948,
    "centroid": [
      1404.5606689453125,
      538.7048950195312
    ]
  },
  "line2": {
    "abc": [
      0.998593628405526,
      -0.053016915917343525,
      -542.7857861447866
    ],
    "p1": [
      543.5502197339906,
      0.0
    ],
    "p2": [
      600.8360371551917,
      1079.0
    ],
    "inliers": 2473,
    "centroid": [
      573.8325805664062,
      570.3796997070312
    ]
  }
}