{
  "image_size": {
    "w": 1920,
    "h": 1080
  },
  "line1": {
    "abc": [
      -0.999815881251289,
      0.019189868122320056,
      1393.7937192074273
    ],
    "p1": [
      1394.050390020878,
      0.0
    ],
    "p2": [
      1414.7600707653664,
      1079.0
    ],
    "inliers": 2496,
    "centroid": [
      1403.4908447265625,
      491.859375
    ]
  },
  "line2": {
    "abc": [
      0.998827636240914,
      -0.04840852320189403,
      -547.7581982357676
    ],
    "p1": [
      548.4011238387983,
      0.0
    ],
    "p2": [
      600.6952280862755,
      1079.0
    ],
    "inliers": 2424,
    "centroid": [
      576.2557983398438,
      574.73388671875
    ]
  }
}