{
  "image_size": {
    "w": 1920,
    "h": 1080
  },
  "line1": {
    "abc": [
      0.9998783469190134,
      -0.015595997683688302,
      -1386.4733841221398
    ],
    "p1": [
      1386.6420734025949,
      0.0
    ],
    "p2": [
      1403.472202340333,
      1079.0
    ],
    "inliers": 2641,
    "centroid": [
      1395.0408935546875,
      538.4585571289062
    ]
  },
  "line2": {
    "abc": [
      -0.9987622499455954,
      0.04973882436747345,
      542.3778581096371
    ],
    "p1": [
      543.0500182993316,
      0.0
    ],
    "p2": [
      596.7847199216919,
      1079.0
    ],
    "inliers": 2330,
    "centroid": [
      570.2841186523438,
      546.8643798828125
    ]
  }
}