{
  "image_size": {
    "w": 1920,
    "h": 1080
  },
  "line1": {
    "abc": [
      -0.9998594522466197,
      0.016766373068077486,
      1374.520634062031
    ],
    "p1": [
      1374.7138470047682,
      0.0
    ],
    "p2": [
      1392.8073065403123,
      1079.0
    ],
    "inliers": 3114,
    "centroid": [
      1383.8564453125,
      545.2171020507812
    ]
  },
  "line2": {
    "abc": [
      0.9989895820607685,
      -0.0449425950645951,
      -544.0298143912667
    ],
    "p1": [
      544.5800678611815,
      0.0
    ],
    "p2": [
      593.1221757525011,
      1079.0
    ],
    "inliers": 2202,
    "centroid": [
      566.2288818359375,
      481.2125244140625
    ]
  }
}