{
  "image_size": {
    "w": 1920,
    "h": 1080
  },
  "line1": {
    "abc": [
      0.9998329281796947,
      -0.018278956413250762,
      -1390.4011364679384
    ],
    "p1": [
      1390.6334721335052,
      0.0
    ],
    "p2": [
      1410.3597618105268,
      1079.0
    ],
    "inliers": 3112,
    "centroid": [
      1400.8695068359375,
      559.8965454101562
    ]
  },
  "line2": {
    "abc": [
      -0.998466014861062,
      0.055368117988054216,
      541.2847464723061
    ],
    "p1": [
      542.1163448889411,
      0.0
    ],
    "p2": [
      601.950328639929,
      1079.0
    ],
    "inliers": 2217,
    "centroid": [
      573.3436889648438,
      563.1298828125
    ]
  }
}