{
  "image_size": {
    "w": 1920,
    "h": 1080
  },
  "line1": {
    "abc": [
      0.9998867511739268,
      -0.015049043111488074,
      -1387.3593672401005
    ],
    "p1": [
      1387.5165018550929,
      0.0
    ],
    "p2": [
      1403.756258505765,
      1079.0
    ],
    "inliers": 2884,
    "centroid": [
      1395.562744140625,
      534.6074829101562
    ]
  },
  "line2": {
    "abc": [
      -0.9991360902776263,
      0.04155866429205553,
      553.019106893168
    ],
    "p1": [
      553.497278573435,
      0.0
    ],
    "p2": [
      598.3778501066561,
      1079.0
    ],
    "inliers": 2456,
    "centroid": [
      578.1881103515625,
      593.606689453125
    ]
  }
}