{
  "image_size": {
    "w": 1920,
    "h": 1080
  },
  "line1": {
    "abc": [
      -0.9998109340657726,
      0.019443577155451402,
      1391.6478275195577
    ],
    "p1": [
      1391.9109904713325,
      0.0
    ],
    "p2": [
      1412.8945775035504,
      1079.0
    ],
    "inliers": 3243,
    "centroid": [
      1402.437255859375,
      541.2725830078125
    ]
  },
  "line2": {
    "abc": [
      -0.9987479448308493,
      0.05002529546613459,
      542.8017335524343
    ],
    "p1": [
      543.4822032543603,
      0.0
    ],
    "p2": [
      597.5271643352073,
      1079.0
    ],
    "inliers": 2414,
    "centroid": [
      570.8367919921875,
      546.1304931640625
    ]
  }
}