{
  "image_size": {
    "w": 1920,
    "h": 1080
  },
  "line1": {
    "abc": [
      -0.9998910427083506,
      0.014763403683886069,
      1386.894808872472
    ],
    "p1": [
      1387.0459376412307,
      0.0
    ],
    "p2": [
      1402.9773860636158,
      1079.0
    ],
    "inliers": 2862,
    "centroid": [
      1394.662109375,
      515.8256225585938
    ]
  },
  "line2": {
    "abc": [
      -0.9989766478528522,
      0.045229107141449516,
      546.6858232285983
    ],
    "p1": [
      547.2458484426198,
      0.0
    ],
    "p2": [
      596.0980480516066,
      1079.0
    ],
    "inliers": 2292,
    "centroid": [
      575.846435546875,
      631.7020263671875
    ]
  }
}