{
  "image_size": {
    "w": 1920,
    "h": 1080
  },
  "line1": {
    "abc": [
      0.9998024702062145,
      -0.019874662160853537,
      -1388.4239688364607
    ],
    "p1": [
      1388.6982781209683,
      0.0
    ],
    "p2": [
      1410.1472754085405,
      1079.0
    ],
    "inliers": 2701,
    "centroid": [
      1399.33837890625,
      535.2543334960938
    ]
  },
  "line2": {
    "abc": [
      -0.9992318153371355,
      0.039188865572174936,
      557.5045759025513
    ],
    "p1": [
      557.9331716078839,
      0.0
    ],
    "p2": [
      600.2504650560614,
      1079.0
    ],
    "inliers": 2535,
    "centroid": [
      580.1431884765625,
      566.3076782226562
    ]
  }
}