{
  "image_size": {
    "w": 1920,
    "h": 1080
  },
  "line1": {
    "abc": [
      0.9998930096616282,
      -0.014627317897960816,
      -1386.3435775608352
    ],
    "p1": [
      1386.4919188003776,
      0.0
    ],
    "p2": [
      1402.2764836082072,
      1079.0
    ],
    "inliers": 3335,
    "centroid": [
      1394.54248046875,
      550.3196411132812
    ]
  },
  "line2": {
    "abc": [
      -0.9991825222959062,
      0.04042606428261528,
      546.9925845930672
    ],
    "p1": [
      547.4401046729641,
      0.0
    ],
    "p2": [
      591.0955153588047,
      1079.0
    ],
    "inliers": 2358,
    "centroid": [
      571.0093383789062,
      582.5441284179688
    ]
  }
}