{
  "image_size": {
    "w": 1920,
    "h": 1080
  },
  "line1": {
    "abc": [
      0.9998894333829417,
      -0.014869416132554443,
      -1387.4005836182127
    ],
    "p1": [
      1387.5540007700636,
      0.0
    ],
    "p2": [
      1403.5998749151117,
      1079.0
    ],
    "inliers": 3004,
    "centroid": [
      1395.5140380859375,
      535.2703247070312
    ]
  },
  "line2": {
    "abc": [
      -0.9991430044164202,
      0.04139195010061893,
      552.1747169087362
    ],
    "p1": [
      552.6483340903243,
      0.0
    ],
    "p2": [
      597.3485561417752,
      1079.0
    ],
    "inliers": 2487,
    "centroid": [
      577.3836059570312,
      597.0744018554688
    ]
  }
}