{
  "image_size": {
    "w": 1920,
    "h": 1080
  },
  "line1": {
    "abc": [
      0.99977844953437,
      -0.021050065755823064,
      -1400.8323823585831
    ],
    "p1": [
      1401.1428061997108,
      0.0
    ],
    "p2": [
      1423.860860345718,
      1079.0
    ],
    "inliers": 2117,
    "centroid": [
      1413.8072509765625,
      601.5011596679688
    ]
  },
  "line2": {
    "abc": [
      -0.9985594749440697,
      0.05365554615849851,
      559.3675284503825
    ],
    "p1": [
      560.1744738156063,
      0.0
    ],
    "p2": [
      618.1523266703526,
      1079.0
    ],
    "inliers": 2002,
    "centroid": [
      583.6783447265625,
      437.4200744628906
    ]
  }
}