{
  "image_size": {
    "w": 1920,
    "h": 1080
  },
  "line1": {
    "abc": [
      -0.9991981983174821,
      0.040037490427454005,
      547.8975879690988
    ],
    "p1": [
      548.3372456952845,
      0.0
    ],
    "p2": [
      591.5723638569933,
      1079.0
    ],
    "inliers": 2424,
    "centroid": [
      569.9744262695312,
      539.9896850585938
    ]
  },
  "line2": {
    "abc": [
      0.9998568892468943,
      -0.016918683424575098,
      -1385.4299203717014
    ],
    "p1": [
      1385.6282186695996,
      0.0
    ],
    "p2": [
      1403.8860909825733,
      1079.0
    ],
    "inliers": 2411,
    "centroid": [
      1394.22900390625,
      508.2874450683594
    ]
  }
}