{
  "image_size": {
    "w": 1920,
    "h": 1080
  },
  "line1": {
    "abc": [
      0.9998390078534617,
      -0.017944553866964513,
      -1382.1189210907544
    ],
    "p1": [
      1382.3414672108095,
      0.0
    ],
    "p2": [
      1401.7067584930762,
      1079.0
    ],
    "inliers": 3158,
    "centroid": [
      1392.47216796875,
      564.46484375
    ]
  },
  "line2": {
    "abc": [
      -0.9988654255857015,
      0.04762225598092085,
      542.0517212947283
    ],
    "p1": [
      542.6674178625085,
      0.0
    ],
    "p2": [
      594.1101977277576,
      1079.0
    ],
    "inliers": 2478,
    "centroid": [
      570.580322265625,
      585.4664916992188
    ]
  }
}