{
  "image_size": {
    "w": 1920,
    "h": 1080
  },
  "line1": {
    "abc": [
      -0.9998149275769725,
      0.019239543005804847,
      1372.558554209353
    ],
    "p1": [
      1372.8126239680334,
      0.0
    ],
    "p2": [
      1393.575933587318,
      1079.0
    ],
    "inliers": 3306,
    "centroid": [
      1383.136962890625,
      536.521484375
    ]
  },
  "line2": {
    "abc": [
      -0.9990639090528033,
      0.04325911030168975,
      544.7362480532436
    ],
    "p1": [
      545.2466485048983,
      0.0
    ],
    "p2": [
      591.9669629838555,
      1079.0
    ],
    "inliers": 2505,
    "centroid": [
      569.2371215820312,
      554.0570678710938
    ]
  }
}