{
  "image_size": {
    "w": 1920,
    "h": 1080
  },
  "line1": {
    "abc": [
      -0.9998646378507151,
      0.01645481958983683,
      1373.4495960546471
    ],
    "p1": [
      1373.6355343129057,
      0.0
    ],
    "p2": [
      1391.3926882968683,
      1079.0
    ],
    "inliers": 2905,
    "centroid": [
      1382.3035888671875,
      526.707763671875
    ]
  },
  "line2": {
    "abc": [
      -0.9990192651738666,
      0.04427784681315762,
      543.8514090816007
    ],
    "p1": [
      544.3853067107271,
      0.0
    ],
    "p2": [
      592.2080048076275,
      1079.0
    ],
    "inliers": 2573,
    "centroid": [
      569.892333984375,
      575.5025024414062
    ]
  }
}