{
  "image_size": {
    "w": 1920,
    "h": 1080
  },
  "line1": {
    "abc": [
      0.9997442960729137,
      -0.022613365203119552,
      -1393.6843799350884
    ],
    "p1": [
      1394.0408416528178,
      0.0
    ],
    "p2": [
      1418.4469034328256,
      1079.0
    ],
    "inliers": 2703,
    "centroid": [
      1407.64599609375,
      601.4883422851562
    ]
  },
  "line2": {
    "abc": [
      -0.9984717369069604,
      0.055265173315946624,
      548.1628065579555
    ],
    "p1": [
      549.0018257863161,
      0.0
    ],
    "p2": [
      608.7242193240942,
      1079.0
    ],
    "inliers": 2075,
    "centroid": [
      575.686279296875,
      482.10601806640625
    ]
  }
}