{
  "image_size": {
    "w": 1920,
    "h": 1080
  },
  "line1": {
    "abc": [
      -0.9997937083234325,
      0.020309796556810096,
      1383.9564244098742
    ],
    "p1": [
      1384.241982009118,
      0.0
    ],
    "p2": [
      1406.160774158297,
      1079.0
    ],
    "inliers": 2528,
    "centroid": [
      1394.584228515625,
      509.1194763183594
    ]
  },
  "line2": {
    "abc": [
      -0.9989656209935688,
      0.04547178372736198,
      542.512536777521
    ],
    "p1": [
      543.0742814131474,
      0.0
    ],
    "p2": [
      592.1891394330106,
      1079.0
    ],
    "inliers": 2369,
    "centroid": [
      567.2473754882812,
      531.0565795898438
    ]
  }
}