{
  "image_size": {
    "w": 1920,
    "h": 1080
  },
  "line1": {
    "abc": [
      -0.9998207092275158,
      0.018936652690153256,
      1375.4939269053482
    ],
    "p1": [
      1375.7405844974808,
      0.0
    ],
    "p2": [
      1396.176896792374,
      1079.0
    ],
    "inliers": 2802,
    "centroid": [
      1386.107421875,
      547.35009765625
    ]
  },
  "line2": {
    "abc": [
      -0.9990686178197405,
      0.0431500300764606,
      543.1546061872593
    ],
    "p1": [
      543.6609623196666,
      0.0
    ],
    "p2": [
      590.2632493118314,
      1079.0
    ],
    "inliers": 2789,
    "centroid": [
      569.2735595703125,
      593.0179443359375
    ]
  }
}