{
  "image_size": {
    "w": 1920,
    "h": 1080
  },
  "line1": {
    "abc": [
      0.999883234499885,
      -0.015280432999118783,
      -1376.409440300367
    ],
    "p1": [
      1376.5701762054348,
      0.0
    ],
    "p2": [
      1393.0596888176708,
      1079.0
    ],
    "inliers": 2829,
    "centroid": [
      1384.7037353515625,
      532.2237548828125
    ]
  },
  "line2": {
    "abc": [
      0.9989723563184284,
      -0.04532309621567962,
      -542.6794994999382
    ],
    "p1": [
      543.2377543457827,
      0.0
    ],
    "p2": [
      592.1916823573102,
      1079.0
    ],
    "inliers": 2543,
    "centroid": [
      565.177734375,
      483.5820007324219
    ]
  }
}