{
  "image_size": {
    "w": 1920,
    "h": 1080
  },
  "line1": {
    "abc": [
      0.999808430670692,
      -0.019572542980293726,
      -1371.5161983987389
    ],
    "p1": [
      1371.778989179655,
      0.0
    ],
    "p2": [
      1392.9018095399213,
      1079.0
    ],
    "inliers": 3265,
    "centroid": [
      1382.1163330078125,
      528.05419921875
    ]
  },
  "line2": {
    "abc": [
      -0.9990790486325762,
      0.04290734603996754,
      545.5392307288331
    ],
    "p1": [
      546.0421089557468,
      0.0
    ],
    "p2": [
      592.3818119457064,
      1079.0
    ],
    "inliers": 2382,
    "centroid": [
      568.9844970703125,
      534.20361328125
    ]
  }
}