{
  "image_size": {
    "w": 1920,
    "h": 1080
  },
  "line1": {
    "abc": [
      -0.9997718930234447,
      0.021357737481572728,
      1394.9084077710788
    ],
    "p1": [
      1395.2266687080871,
      0.0
    ],
    "p2": [
      1418.2769253750614,
      1079.0
    ],
    "inliers": 2025,
    "centroid": [
      1408.6212158203125,
      627.0089111328125
    ]
  },
  "line2": {
    "abc": [
      -0.9982814192761927,
      0.05860256776207785,
      551.3717565085453
    ],
    "p1": [
      552.3209646717848,
      0.0
    ],
    "p2": [
      615.6619919555831,
      1079.0
    ],
    "inliers": 1964,
    "centroid": [
      575.839111328125,
      400.62628173828125
    ]
  }
}