{
  "image_size": {
    "w": 1920,
    "h": 1080
  },
  "line1": {
    "abc": [
      0.9998210072507396,
      -0.018919225782137068,
      -1395.460398701294
    ],
    "p1": [
      1395.7102207108699,
      0.0
    ],
    "p2": [
      1416.1277199141111,
      1079.0
    ],
    "inliers": 2815,
    "centroid": [
      1406.1737060546875,
      552.9619750976562
    ]
  },
  "line2": {
    "abc": [
      -0.9988306760777975,
      0.048345863819073964,
      547.8348953585934
    ],
    "p1": [
      548.47624174883,
      0.0
    ],
    "p2": [
      600.7024982206703,
      1079.0
    ],
    "inliers": 2592,
    "centroid": [
      575.6786499023438,
      562.004638671875
    ]
  }
}