{
  "image_size": {
    "w": 1920,
    "h": 1080
  },
  "line1": {
    "abc": [
      0.9998251199712291,
      -0.018700443208198917,
      -1393.0767269951941
    ],
    "p1": [
      1393.3203909052427,
      0.0
    ],
    "p2": [
      1413.5016984345307,
      1079.0
    ],
    "inliers": 3282,
    "centroid": [
      1403.86376953125,
      563.705078125
    ]
  },
  "line2": {
    "abc": [
      -0.9986301064481284,
      0.05232555791730416,
      540.8517841738055
    ],
    "p1": [
      541.5937099047383,
      0.0
    ],
    "p2": [
      598.1304361942973,
      1079.0
    ],
    "inliers": 2321,
    "centroid": [
      570.719970703125,
      555.8729248046875
    ]
  }
}