{
  "image_size": {
    "w": 1920,
    "h": 1080
  },
  "line1": {
    "abc": [
      -0.9997887015332714,
      0.02055601775644154,
      1394.8551105285972
    ],
    "p1": [
      1395.1499035640768,
      0.0
    ],
    "p2": [
      1417.334534301737,
      1079.0
    ],
    "inliers": 2481,
    "centroid": [
      1407.48046875,
      599.72509765625
    ]
  },
  "line2": {
    "abc": [
      -0.9984660744657068,
      0.055366836488191545,
      548.2770511325162
    ],
    "p1": [
      549.1193593391813,
      0.0
    ],
    "p2": [
      608.951954655679,
      1079.0
    ],
    "inliers": 2374,
    "centroid": [
      574.19921875,
      452.2813720703125
    ]
  }
}