{
  "image_size": {
    "w": 1920,
    "h": 1080
  },
  "line1": {
    "abc": [
      0.9997899532308117,
      -0.020496347919085986,
      -1393.768840413525
    ],
    "p1": [
      1394.061658560955,
      0.0
    ],
    "p2": [
      1416.1818642433861,
      1079.0
    ],
    "inliers": 2631,
    "centroid": [
      1405.510498046875,
      558.462158203125
    ]
  },
  "line2": {
    "abc": [
      -0.998310267924264,
      0.05810837447637469,
      540.2740853843887
    ],
    "p1": [
      541.1885490347137,
      0.0
    ],
    "p2": [
      603.9936088187576,
      1079.0
    ],
    "inliers": 2096,
    "centroid": [
      576.4671020507812,
      606.0906372070312
    ]
  }
}