{
  "image_size": {
    "w": 1920,
    "h": 1080
  },
  "line1": {
    "abc": [
      0.9998051524152294,
      -0.019740018993596363,
      -1391.2274139941135
    ],
    "p1": [
      1391.498544124648,
      0.0
    ],
    "p2": [
      1412.8021755798743,
      1079.0
    ],
    "inliers": 2931,
    "centroid": [
      1402.839599609375,
      574.4090576171875
    ]
  },
  "line2": {
    "abc": [
      0.9984633326520471,
      -0.055415932089034926,
      -542.5036381021114
    ],
    "p1": [
      543.3385687395769,
      0.0
    ],
    "p2": [
      603.2243840406243,
      1079.0
    ],
    "inliers": 2378,
    "centroid": [
      574.828857421875,
      567.380126953125
    ]
  }
}