{
  "image_size": {
    "w": 1920,
    "h": 1080
  },
  "line1": {
    "abc": [
      -0.9998369216908946,
      0.018057581037264885,
      1395.9538569501763
    ],
    "p1": [
      1396.1815438755557,
      0.0
    ],
    "p2": [
      1415.6688517719851,
      1079.0
    ],
    "inliers": 2581,
    "centroid": [
      1405.98291015625,
      542.6954956054688
    ]
  },
  "line2": {
    "abc": [
      -0.9984501600255518,
      0.05565315484995045,
      541.3361065397228
    ],
    "p1": [
      542.1763931870863,
      0.0
    ],
    "p2": [
      602.3193592431585,
      1079.0
    ],
    "inliers": 2238,
    "centroid": [
      574.4383544921875,
      578.7984619140625
    ]
  }
}