{
  "image_size": {
    "w": 1920,
    "h": 1080
  },
  "line1": {
    "abc": [
      -0.9998979568471446,
      0.014284985139951726,
      1385.2277925720273
    ],
    "p1": [
      1385.3691600089833,
      0.0
    ],
    "p2": [
      1400.7842319775364,
      1079.0
    ],
    "inliers": 3039,
    "centroid": [
      1393.4168701171875,
      563.3109741210938
    ]
  },
  "line2": {
    "abc": [
      -0.9990823268880389,
      0.042830623686270795,
      549.1218165286316
    ],
    "p1": [
      549.6261937082272,
      0.0
    ],
    "p2": [
      595.8828851877323,
      1079.0
    ],
    "inliers": 2376,
    "centroid": [
      574.406982421875,
      578.0454711914062
    ]
  }
}