{
  "image_size": {
    "w": 1920,
    "h": 1080
  },
  "line1": {
    "abc": [
      0.9998866319646372,
      -0.015055418945833884,
      -1384.9849035397497
    ],
    "p1": [
      1385.1419343595467,
      0.0
    ],
    "p2": [
      1401.388573251634,
      1079.0
    ],
    "inliers": 3052,
    "centroid": [
      1393.312255859375,
      542.62158203125
    ]
  },
  "line2": {
    "abc": [
      -0.9990676045407794,
      0.04317279905076478,
      551.2394016983175
    ],
    "p1": [
      551.7538544868485,
      0.0
    ],
    "p2": [
      598.3807793956861,
      1079.0
    ],
    "inliers": 2594,
    "centroid": [
      576.2821655273438,
      567.6129760742188
    ]
  }
}