{
  "image_size": {
    "w": 1920,
    "h": 1080
  },
  "line1": {
    "abc": [
      0.9998143315305248,
      -0.0192684102803276,
      -1374.5306428462584
    ],
    "p1": [
      1374.785897239655,
      0.0
    ],
    "p2": [
      1395.5803728105814,
      1079.0
    ],
    "inliers": 2984,
    "centroid": [
      1384.9212646484375,
      525.911865234375
    ]
  },
  "line2": {
    "abc": [
      -0.9989592432965778,
      0.045611087232782524,
      542.3831851055837
    ],
    "p1": [
      542.9482621490267,
      0.0
    ],
    "p2": [
      592.2138988148074,
      1079.0
    ],
    "inliers": 2383,
    "centroid": [
      566.031494140625,
      505.56146240234375
    ]
  }
}