{
  "image_size": {
    "w": 1920,
    "h": 1080
  },
  "line1": {
    "abc": [
      -0.9998327493657604,
      0.018288413062673398,
      1394.0110906004109
    ],
    "p1": [
      1394.2442788403318,
      0.0
    ],
    "p2": [
      1413.980777476871,
      1079.0
    ],
    "inliers": 2800,
    "centroid": [
      1404.4525146484375,
      558.087158203125
    ]
  },
  "line2": {
    "abc": [
      -0.998744845389321,
      0.05008704960341213,
      542.2392828392465
    ],
    "p1": [
      542.9207322996256,
      0.0
    ],
    "p2": [
      597.0325775537705,
      1079.0
    ],
    "inliers": 2021,
    "centroid": [
      570.5814208984375,
      551.5591430664062
    ]
  }
}