{
  "image_size": {
    "w": 1920,
    "h": 1080
  },
  "line1": {
    "abc": [
      -0.9990707635869525,
      0.04309945553536873,
      549.9117265834877
    ],
    "p1": [
      550.4231998633869,
      0.0
    ],
    "p2": [
      596.9707660795166,
      1079.0
    ],
    "inliers": 2703,
    "centroid": [
      576.2559814453125,
      598.819091796875
    ]
  },
  "line2": {
    "abc": [
      -0.9998824000348582,
      0.015333848074063225,
      1387.7877042141288
    ],
    "p1": [
      1387.9509271947854,
      0.0
    ],
    "p2": [
      1404.4980952130818,
      1079.0
    ],
    "inliers": 2636,
    "centroid": [
      1396.6031494140625,
      564.1900634765625
    ]
  }
}