{
  "image_size": {
    "w": 1920,
    "h": 1080
  },
  "line1": {
    "abc": [
      -0.9998807907094492,
      0.015441847965105827,
      1391.3546029311678
    ],
    "p1": [
      1391.5204851009835,
      0.0
    ],
    "p2": [
      1408.1842255280071,
      1079.0
    ],
    "inliers": 2765,
    "centroid": [
      1399.3648681640625,
      507.9345397949219
    ]
  },
  "line2": {
    "abc": [
      -0.9991502761830828,
      0.04121536016460112,
      556.9034933902946
    ],
    "p1": [
      557.3771099956623,
      0.0
    ],
    "p2": [
      601.8863041355994,
      1079.0
    ],
    "inliers": 2186,
    "centroid": [
      580.4432983398438,
      559.1747436523438
    ]
  }
}