{
  "image_size": {
    "w": 1920,
    "h": 1080
  },
  "line1": {
    "abc": [
      -0.9998518824567332,
      0.01720924116669364,
      1388.4709499213907
    ],
    "p1": [
      1388.6766372932987,
      0.0
    ],
    "p2": [
      1407.2481592803724,
      1079.0
    ],
    "inliers": 2640,
    "centroid": [
      1397.09814453125,
      489.287109375
    ]
  },
  "line2": {
    "abc": [
      -0.9991145133962176,
      0.04207350313659275,
      549.5058891212836
    ],
    "p1": [
      549.9929004668224,
      0.0
    ],
    "p2": [
      595.4304446879227,
      1079.0
    ],
    "inliers": 2464,
    "centroid": [
      574.1497802734375,
      573.6505737304688
    ]
  }
}