{
  "image_size": {
    "w": 1920,
    "h": 1080
  },
  "line1": {
    "abc": [
      0.9998063445081249,
      -0.019680146127919542,
      -1392.6983605111977
    ],
    "p1": [
      1392.9681164369526,
      0.0
    ],
    "p2": [
      1414.2071071561727,
      1079.0
    ],
    "inliers": 2633,
    "centroid": [
      1403.0611572265625,
      512.754638671875
    ]
  },
  "line2": {
    "abc": [
      -0.9989522695531391,
      0.0457648150622387,
      549.8612845436853
    ],
    "p1": [
      550.4379951903553,
      0.0
    ],
    "p2": [
      599.8700220821355,
      1079.0
    ],
    "inliers": 2612,
    "centroid": [
      575.295166015625,
      542.5811767578125
    ]
  }
}