{
  "image_size": {
    "w": 1920,
    "h": 1080
  },
  "line1": {
    "abc": [
      -0.9997475147237316,
      0.02247096039352554,
      1402.870050014509
    ],
    "p1": [
      1403.2243435005441,
      0.0
    ],
    "p2": [
      1427.4766331112007,
      1079.0
    ],
    "inliers": 2785,
    "centroid": [
      1417.0218505859375,
      613.8599853515625
    ]
  },
  "line2": {
    "abc": [
      -0.9986354112615135,
      0.0522234998642876,
      562.2044634911548
    ],
    "p1": [
      562.9726896835725,
      0.0
    ],
    "p2": [
      619.3988445326019,
      1079.0
    ],
    "inliers": 2355,
    "centroid": [
      585.9151000976562,
      438.7125244140625
    ]
  }
}