{
  "image_size": {
    "w": 1920,
    "h": 1080
  },
  "line1": {
    "abc": [
      -0.9998695850362315,
      0.01614789292214686,
      1375.7797911443536
    ],
    "p1": [
      1375.9592368183703,
      0.0
    ],
    "p2": [
      1393.3850858728397,
      1079.0
    ],
    "inliers": 2901,
    "centroid": [
      1384.431884765625,
      524.6221923828125
    ]
  },
  "line2": {
    "abc": [
      -0.9989734292020344,
      0.045300200581505294,
      542.5402820392495
    ],
    "p1": [
      543.0978103918369,
      0.0
    ],
    "p2": [
      592.0269560513846,
      1079.0
    ],
    "inliers": 2740,
    "centroid": [
      567.5879516601562,
      540.0638427734375
    ]
  }
}