{
  "image_size": {
    "w": 1920,
    "h": 1080
  },
  "line1": {
    "abc": [
      -0.99988853931327,
      0.014928302727624746,
      1375.8319739235958
    ],
    "p1": [
      1375.985342194767,
      0.0
    ],
    "p2": [
      1392.0947764064742,
      1079.0
    ],
    "inliers": 3074,
    "centroid": [
      1383.423583984375,
      498.2088623046875
    ]
  },
  "line2": {
    "abc": [
      -0.9989890456189655,
      0.044953815638974055,
      544.3229976976372
    ],
    "p1": [
      544.8738402935932,
      0.0
    ],
    "p2": [
      593.4280935030461,
      1079.0
    ],
    "inliers": 2581,
    "centroid": [
      570.8837890625,
      578.0077514648438
    ]
  }
}