{
  "image_size": {
    "w": 1920,
    "h": 1080
  },
  "line1": {
    "abc": [
      0.9998854994763865,
      -0.015131603926405078,
      -1383.4212881993876
    ],
    "p1": [
      1383.5797088005063,
      0.0
    ],
    "p2": [
      1399.9085791012967,
      1079.0
    ],
    "inliers": 2788,
    "centroid": [
      1392.06640625,
      560.7948608398438
    ]
  },
  "line2": {
    "abc": [
      -0.9989671707143329,
      0.04543738067145572,
      544.2705435838293
    ],
    "p1": [
      544.8332633340062,
      0.0
    ],
    "p2": [
      593.9108858843479,
      1079.0
    ],
    "inliers": 2700,
    "centroid": [
      571.0458984375,
      576.2999877929688
    ]
  }
}