{
  "image_size": {
    "w": 1920,
    "h": 1080
  },
  "line1": {
    "abc": [
      -0.999832332133247,
      0.018309969454985427,
      1376.9648076378141
    ],
    "p1": [
      1377.195719106138,
      0.0
    ],
    "p2": [
      1396.955489226571,
      1079.0
    ],
    "inliers": 3420,
    "centroid": [
      1386.7108154296875,
      519.5803833007812
    ]
  },
  "line2": {
    "abc": [
      -0.9989244937886739,
      0.04636622220273149,
      541.591184351998
    ],
    "p1": [
      542.1742961751557,
      0.0
    ],
    "p2": [
      592.2573145292248,
      1079.0
    ],
    "inliers": 2148,
    "centroid": [
      566.3743286132812,
      521.3710327148438
    ]
  }
}