{
  "image_size": {
    "w": 1920,
    "h": 1080
  },
  "line1": {
    "abc": [
      -0.9989284872998738,
      0.046279795467807264,
      546.2375326487476
    ],
    "p1": [
      546.823460931863,
      0.0
    ],
    "p2": [
      596.8129245868058,
      1079.0
    ],
    "inliers": 2645,
    "centroid": [
      572.1822509765625,
      547.3580322265625
    ]
  },
  "line2": {
    "abc": [
      -0.9997516274442211,
      0.022287346422649984,
      1384.0305537735555
    ],
    "p1": [
      1384.3743943800425,
      0.0
    ],
    "p2": [
      1408.4284155287914,
      1079.0
    ],
    "inliers": 2562,
    "centroid": [
      1395.4305419921875,
      495.94964599609375
    ]
  }
}