{
  "image_size": {
    "w": 1920,
    "h": 1080
  },
  "line1": {
    "abc": [
      0.99981427192588,
      -0.019272396340946952,
      -1397.5879184626287
    ],
    "p1": [
      1397.8475379937736,
      0.0
    ],
    "p2": [
      1418.6463165627433,
      1079.0
    ],
    "inliers": 2914,
    "centroid": [
      1407.6595458984375,
      509.0278015136719
    ]
  },
  "line2": {
    "abc": [
      -0.998940646647408,
      0.04601673409338164,
      552.1621203849132
    ],
    "p1": [
      552.7476754880789,
      0.0
    ],
    "p2": [
      602.4523864270105,
      1079.0
    ],
    "inliers": 2257,
    "centroid": [
      576.7815551757812,
      521.7323608398438
    ]
  }
}