{
  "image_size": {
    "w": 1920,
    "h": 1080
  },
  "line1": {
    "abc": [
      0.9998776912679209,
      -0.015638286247833824,
      -1375.323037554284
    ],
    "p1": [
      1375.4912721477663,
      0.0
    ],
    "p2": [
      1392.3670470638117,
      1079.0
    ],
    "inliers": 2809,
    "centroid": [
      1383.7294921875,
      526.7337036132812
    ]
  },
  "line2": {
    "abc": [
      -0.9989958405484699,
      0.044803418219044704,
      543.3717774677584
    ],
    "p1": [
      543.9179578259664,
      0.0
    ],
    "p2": [
      592.3094388473568,
      1079.0
    ],
    "inliers": 2094,
    "centroid": [
      566.9259643554688,
      513.0167236328125
    ]
  }
}