{
  "image_size": {
    "w": 1920,
    "h": 1080
  },
  "line1": {
    "abc": [
      -0.9988411664952779,
      0.048128738999318625,
      548.8762460683832
    ],
    "p1": [
      549.5130401906379,
      0.0
    ],
    "p2": [
      601.5041986672948,
      1079.0
    ],
    "inliers": 2853,
    "centroid": [
      574.5716552734375,
      520.0546875
    ]
  },
  "line2": {
    "abc": [
      0.9997825026502147,
      -0.02085625380275548,
      -1393.3630020923874
    ],
    "p1": [
      1393.6661207801426,
      0.0
    ],
    "p2": [
      1416.1749142362394,
      1079.0
    ],
    "inliers": 2593,
    "centroid": [
      1404.9259033203125,
      539.7581787109375
    ]
  }
}