{
  "image_size": {
    "w": 1920,
    "h": 1080
  },
  "line1": {
    "abc": [
      -0.9998118281354442,
      0.019398339092712075,
      1370.2097097773442
    ],
    "p1": [
      1370.4675932196735,
      0.0
    ],
    "p2": [
      1391.4023404311267,
      1079.0
    ],
    "inliers": 3257,
    "centroid": [
      1381.02490234375,
      544.1353759765625
    ]
  },
  "line2": {
    "abc": [
      -0.9989793300618671,
      0.045170262455895074,
      541.0711545534868
    ],
    "p1": [
      541.6239738613792,
      0.0
    ],
    "p2": [
      590.412484016932,
      1079.0
    ],
    "inliers": 2281,
    "centroid": [
      566.0780639648438,
      540.8233032226562
    ]
  }
}