{
  "image_size": {
    "w": 1920,
    "h": 1080
  },
  "line1": {
    "abc": [
      -0.9998864531507029,
      0.015067405998691748,
      1394.025107591757
    ],
    "p1": [
      1394.1834127256143,
      0.0
    ],
    "p2": [
      1410.4429900219754,
      1079.0
    ],
    "inliers": 2863,
    "centroid": [
      1401.8958740234375,
      511.8057861328125
    ]
  },
  "line2": {
    "abc": [
      -0.9992066025723955,
      0.039826955646236645,
      559.3704064454363
    ],
    "p1": [
      559.8145618787664,
      0.0
    ],
    "p2": [
      602.8219689872236,
      1079.0
    ],
    "inliers": 2441,
    "centroid": [
      584.8341064453125,
      627.7078857421875
    ]
  }
}