{
  "image_size": {
    "w": 1920,
    "h": 1080
  },
  "line1": {
    "abc": [
      0.9998174309720531,
      -0.019108757376651728,
      -1392.3724489010765
    ],
    "p1": [
      1392.6266994038795,
      0.0
    ],
    "p2": [
      1413.2488135726246,
      1079.0
    ],
    "inliers": 2593,
    "centroid": [
      1403.0262451171875,
      544.1299438476562
    ]
  },
  "line2": {
    "abc": [
      0.9983422160138636,
      -0.05755666643375362,
      -538.9547913908867
    ],
    "p1": [
      539.849745654152,
      0.0
    ],
    "p2": [
      602.0565141207654,
      1079.0
    ],
    "inliers": 2250,
    "centroid": [
      575.111572265625,
      611.6297607421875
    ]
  }
}