{
  "image_size": {
    "w": 1920,
    "h": 1080
  },
  "line1": {
    "abc": [
      -0.9998392462720408,
      0.017930051311832618,
      1392.5546762206584
    ],
    "p1": [
      1392.778570568099,
      0.0
    ],
    "p2": [
      1412.1282064596705,
      1079.0
    ],
    "inliers": 2712,
    "centroid": [
      1402.01220703125,
      514.8982543945312
    ]
  },
  "line2": {
    "abc": [
      -0.9989202618588948,
      0.046457473188592224,
      548.9732243331786
    ],
    "p1": [
      549.5666123656277,
      0.0
    ],
    "p2": [
      599.7484091360809,
      1079.0
    ],
    "inliers": 2426,
    "centroid": [
      574.2085571289062,
      529.8466796875
    ]
  }
}