{
  "image_size": {
    "w": 1920,
    "h": 1080
  },
  "line1": {
    "abc": [
      -0.999913215636207,
      0.01317258924244517,
      1390.1510081120593
    ],
    "p1": [
      1390.2716619537414,
      0.0
    ],
    "p2": [
      1404.4861193389804,
      1079.0
    ],
    "inliers": 3073,
    "centroid": [
      1396.871826171875,
      501.0094299316406
    ]
  },
  "line2": {
    "abc": [
      -0.9991506934155963,
      0.041205164045054234,
      555.1964595062171
    ],
    "p1": [
      555.6683923305685,
      0.0
    ],
    "p2": [
      600.1665569193613,
      1079.0
    ],
    "inliers": 2253,
    "centroid": [
      581.909912109375,
      636.3093872070312
    ]
  }
}