{
  "image_size": {
    "w": 1920,
    "h": 1080
  },
  "line1": {
    "abc": [
      0.9998902678479685,
      -0.014814932830616917,
      -1387.9609590350597
    ],
    "p1": [
      1388.1132796925037,
      0.0
    ],
    "p2": [
      1404.1003465119863,
      1079.0
    ],
    "inliers": 3171,
    "centroid": [
      1395.7476806640625,
      515.2614135742188
    ]
  },
  "line2": {
    "abc": [
      -0.9990286231030964,
      0.04406557604666118,
      549.3672955846286
    ],
    "p1": [
      549.9014571556833,
      0.0
    ],
    "p2": [
      597.4944444383317,
      1079.0
    ],
    "inliers": 2075,
    "centroid": [
      577.2486572265625,
      619.99951171875
    ]
  }
}