{
  "image_size": {
    "w": 1920,
    "h": 1080
  },
  "line1": {
    "abc": [
      0.9998328685750499,
      -0.01828127540646155,
      -1394.4549288115793
    ],
    "p1": [
      1394.6880250085599,
      0.0
    ],
    "p2": [
      1414.416818473496,
      1079.0
    ],
    "inliers": 2562,
    "centroid": [
      1404.4676513671875,
      534.86376953125
    ]
  },
  "line2": {
    "abc": [
      -0.9982924461354762,
      0.05841377750033259,
      537.7799912651991
    ],
    "p1": [
      538.6998502763569,
      0.0
    ],
    "p2": [
      601.8361247887511,
      1079.0
    ],
    "inliers": 2467,
    "centroid": [
      571.3684692382812,
      558.3072509765625
    ]
  }
}