{
  "image_size": {
    "w": 1920,
    "h": 1080
  },
  "line1": {
    "abc": [
      0.9998371601094737,
      -0.018047027289849353,
      -1393.963184786293
    ],
    "p1": [
      1394.190214568206,
      0.0
    ],
    "p2": [
      1413.666128469641,
      1079.0
    ],
    "inliers": 2746,
    "centroid": [
      1404.2596435546875,
      557.8641357421875
    ]
  },
  "line2": {
    "abc": [
      -0.9983040690412074,
      0.0582151524721994,
      540.6683215283581
    ],
    "p1": [
      541.5868153754271,
      0.0
    ],
    "p2": [
      604.5076743255777,
      1079.0
    ],
    "inliers": 2474,
    "centroid": [
      576.6741943359375,
      601.6968383789062
    ]
  }
}