{
  "image_size": {
    "w": 1920,
    "h": 1080
  },
  "line1": {
    "abc": [
      0.9998017549504772,
      -0.019911002367714998,
      -1393.6450778960445
    ],
    "p1": [
      1393.9214159161738,
      0.0
    ],
    "p2": [
      1415.4096474064543,
      1079.0
    ],
    "inliers": 2931,
    "centroid": [
      1404.204345703125,
      516.3422241210938
    ]
  },
  "line2": {
    "abc": [
      0.9985973834981469,
      -0.052945733070320584,
      -544.4846535482004
    ],
    "p1": [
      545.2494293954966,
      0.0
    ],
    "p2": [
      602.4581172279755,
      1079.0
    ],
    "inliers": 2179,
    "centroid": [
      576.5576171875,
      590.49658203125
    ]
  }
}