{
  "image_size": {
    "w": 1920,
    "h": 1080
  },
  "line1": {
    "abc": [
      -0.9998105168332592,
      0.019466301426272,
      1393.7568370109652
    ],
    "p1": [
      1394.0209805208574,
      0.0
    ],
    "p2": [
      1415.0291004448954,
      1079.0
    ],
    "inliers": 2889,
    "centroid": [
      1404.451416015625,
      535.7185668945312
    ]
  },
  "line2": {
    "abc": [
      -0.9986735582341697,
      0.05148964375252343,
      546.476270229116
    ],
    "p1": [
      547.2021019514947,
      0.0
    ],
    "p2": [
      602.8332189975971,
      1079.0
    ],
    "inliers": 2232,
    "centroid": [
      578.4542846679688,
      606.1554565429688
    ]
  }
}