{
  "image_size": {
    "w": 1920,
    "h": 1080
  },
  "line1": {
    "abc": [
      -0.9999162554730906,
      0.012942952103899886,
      1392.211725791773
    ],
    "p1": [
      1392.3283256687087,
      0.0
    ],
    "p2": [
      1406.294940616378,
      1079.0
    ],
    "inliers": 3115,
    "centroid": [
      1399.212890625,
      531.87158203125
    ]
  },
  "line2": {
    "abc": [
      -0.9990705251683734,
      0.04310612007971267,
      553.4814334747664
    ],
    "p1": [
      553.9963591474067,
      0.0
    ],
    "p2": [
      600.5511342051249,
      1079.0
    ],
    "inliers": 2061,
    "centroid": [
      582.1460571289062,
      652.425537109375
    ]
  }
}