{
  "image_size": {
    "w": 1920,
    "h": 1080
  },
  "line1": {
    "abc": [
      0.9999043345441355,
      -0.013832017779336448,
      -1387.568694795251
    ],
    "p1": [
      1387.7014498870583,
      0.0
    ],
    "p2": [
      1402.6276249903078,
      1079.0
    ],
    "inliers": 3459,
    "centroid": [
      1395.1578369140625,
      539.015625
    ]
  },
  "line2": {
    "abc": [
      -0.9991018772115252,
      0.04237282276149327,
      552.1436597305371
    ],
    "p1": [
      552.6399983068392,
      0.0
    ],
    "p2": [
      598.4013734002938,
      1079.0
    ],
    "inliers": 2527,
    "centroid": [
      576.921630859375,
      572.5326538085938
    ]
  }
}