{
  "image_size": {
    "w": 1920,
    "h": 1080
  },
  "line1": {
    "abc": [
      -0.9998992681493296,
      0.014195249415919889,
      1378.143055052235
    ],
    "p1": [
      1378.2818919379554,
      0.0
    ],
    "p2": [
      1393.6001090900957,
      1079.0
    ],
    "inliers": 3033,
    "centroid": [
      1385.6224365234375,
      517.0606689453125
    ]
  },
  "line2": {
    "abc": [
      -0.9989450573911214,
      0.04592106491322693,
      544.0886857921007
    ],
    "p1": [
      544.663274287638,
      0.0
    ],
    "p2": [
      594.2644297013054,
      1079.0
    ],
    "inliers": 2513,
    "centroid": [
      567.0242919921875,
      486.43096923828125
    ]
  }
}