{
  "image_size": {
    "w": 1920,
    "h": 1080
  },
  "line1": {
    "abc": [
      0.9999023675908579,
      -0.013975416310117573,
      -1387.9156370746596
    ],
    "p1": [
      1388.051155853018,
      0.0
    ],
    "p2": [
      1403.1321024407823,
      1079.0
    ],
    "inliers": 2891,
    "centroid": [
      1395.4708251953125,
      530.8568115234375
    ]
  },
  "line2": {
    "abc": [
      -0.9991062879552386,
      0.042268063873010325,
      550.3383278564534
    ],
    "p1": [
      550.8306118088502,
      0.0
    ],
    "p2": [
      596.4786489284219,
      1079.0
    ],
    "inliers": 2500,
    "centroid": [
      575.66162109375,
      586.9400024414062
    ]
  }
}