{
  "image_size": {
    "w": 1920,
    "h": 1080
  },
  "line1": {
    "abc": [
      -0.9998207688321605,
      0.018932914361338753,
      1371.4713217716599
    ],
    "p1": [
      1371.7171762431033,
      0.0
    ],
    "p2": [
      1392.149452939802,
      1079.0
    ],
    "inliers": 2886,
    "centroid": [
      1381.8773193359375,
      536.54296875
    ]
  },
  "line2": {
    "abc": [
      -0.9989749789227985,
      0.04526643082494977,
      541.3423176869524
    ],
    "p1": [
      541.8977743273265,
      0.0
    ],
    "p2": [
      590.7903691276366,
      1079.0
    ],
    "inliers": 2609,
    "centroid": [
      563.3154296875,
      472.66156005859375
    ]
  }
}