{
  "image_size": {
    "w": 1920,
    "h": 1080
  },
  "line1": {
    "abc": [
      -0.9998317360867992,
      0.01834354363380028,
      1399.1616810691041
    ],
    "p1": [
      1399.3971491095353,
      0.0
    ],
    "p2": [
      1419.1931636452773,
      1079.0
    ],
    "inliers": 2741,
    "centroid": [
      1409.13427734375,
      530.7311401367188
    ]
  },
  "line2": {
    "abc": [
      -0.9989045262326741,
      0.04679517447943776,
      550.8367976474603
    ],
    "p1": [
      551.4408866730416,
      0.0
    ],
    "p2": [
      601.9882532504479,
      1079.0
    ],
    "inliers": 2391,
    "centroid": [
      576.1517944335938,
      527.48681640625
    ]
  }
}