{
  "image_size": {
    "w": 1920,
    "h": 1080
  },
  "line1": {
    "abc": [
      -0.9998486042012705,
      0.017399579286557915,
      1381.6702529983293
    ],
    "p1": [
      1381.8794637434905,
      0.0
    ],
    "p2": [
      1400.6564525509048,
      1079.0
    ],
    "inliers": 3338,
    "centroid": [
      1390.9530029296875,
      521.4014282226562
    ]
  },
  "line2": {
    "abc": [
      -0.9989924430837177,
      0.044878676533654155,
      543.4925750174583
    ],
    "p1": [
      544.0407270147012,
      0.0
    ],
    "p2": [
      592.5136582316142,
      1079.0
    ],
    "inliers": 2450,
    "centroid": [
      570.3175659179688,
      584.9183959960938
    ]
  }
}