{
  "image_size": {
    "w": 1920,
    "h": 1080
  },
  "line1": {
    "abc": [
      0.9998185038556591,
      -0.019052732735853214,
      -1370.159216057846
    ],
    "p1": [
      1370.4079398150966,
      0.0
    ],
    "p2": [
      1390.9695702937356,
      1079.0
    ],
    "inliers": 3040,
    "centroid": [
      1380.7674560546875,
      543.6299438476562
    ]
  },
  "line2": {
    "abc": [
      -0.9990639686574481,
      0.04325776919718231,
      542.3567450088058
    ],
    "p1": [
      542.8648835545837,
      0.0
    ],
    "p2": [
      589.5837468386657,
      1079.0
    ],
    "inliers": 2346,
    "centroid": [
      566.6738891601562,
      549.8831787109375
    ]
  }
}