{
  "image_size": {
    "w": 1920,
    "h": 1080
  },
  "line1": {
    "abc": [
      0.9998842477788462,
      -0.015215236693605465,
      -1383.1582134935763
    ],
    "p1": [
      1383.3183356634922,
      0.0
    ],
    "p2": [
      1399.7374766079263,
      1079.0
    ],
    "inliers": 3013,
    "centroid": [
      1391.4842529296875,
      536.6312866210938
    ]
  },
  "line2": {
    "abc": [
      -0.9990549683560871,
      0.04346523061390344,
      543.3619202869395
    ],
    "p1": [
      543.8759002230119,
      0.0
    ],
    "p2": [
      590.8192470035924,
      1079.0
    ],
    "inliers": 2559,
    "centroid": [
      569.6420288085938,
      592.2384033203125
    ]
  }
}