{
  "image_size": {
    "w": 1920,
    "h": 1080
  },
  "line1": {
    "abc": [
      0.9998545050611033,
      -0.017058808356506455,
      -1374.9287926929806
    ],
    "p1": [
      1375.1288669834573,
      0.0
    ],
    "p2": [
      1393.5379996357583,
      1079.0
    ],
    "inliers": 2985,
    "centroid": [
      1384.151123046875,
      528.8143920898438
    ]
  },
  "line2": {
    "abc": [
      -0.9989734292020344,
      0.04530004039402246,
      543.8029339817681
    ],
    "p1": [
      544.3617598679778,
      0.0
    ],
    "p2": [
      593.2907325076143,
      1079.0
    ],
    "inliers": 2450,
    "centroid": [
      570.2955322265625,
      571.9012451171875
    ]
  }
}