{
  "image_size": {
    "w": 1920,
    "h": 1080
  },
  "line1": {
    "abc": [
      -0.9999186992635264,
      0.012752146460103156,
      1392.5657331135849
    ],
    "p1": [
      1392.6789589386178,
      0.0
    ],
    "p2": [
      1406.4396437228763,
      1079.0
    ],
    "inliers": 2666,
    "centroid": [
      1399.3807373046875,
      525.4984741210938
    ]
  },
  "line2": {
    "abc": [
      -0.999161124228432,
      0.040952123701531465,
      558.65044438887
    ],
    "p1": [
      559.1194761708416,
      0.0
    ],
    "p2": [
      603.3439164562606,
      1079.0
    ],
    "inliers": 2300,
    "centroid": [
      584.3239135742188,
      614.9447631835938
    ]
  }
}