{
  "image_size": {
    "w": 1920,
    "h": 1080
  },
  "line1": {
    "abc": [
      0.9998785853375926,
      -0.01558073330669037,
      -1384.5199079177655
    ],
    "p1": [
      1384.6880293473885,
      0.0
    ],
    "p2": [
      1401.501682009269,
      1079.0
    ],
    "inliers": 2891,
    "centroid": [
      1392.849853515625,
      523.7772216796875
    ]
  },
  "line2": {
    "abc": [
      -0.9991250038136981,
      0.04182345792646994,
      549.9003259904414
    ],
    "p1": [
      550.3819080610043,
      0.0
    ],
    "p2": [
      595.5489401444851,
      1079.0
    ],
    "inliers": 2694,
    "centroid": [
      572.725341796875,
      533.7646484375
    ]
  }
}