{
  "image_size": {
    "w": 1920,
    "h": 1080
  },
  "line1": {
    "abc": [
      0.9999092817296519,
      -0.013469243422137142,
      -1391.9817244857077
    ],
    "p1": [
      1392.1080141168861,
      0.0
    ],
    "p2": [
      1406.6426463260661,
      1079.0
    ],
    "inliers": 2538,
    "centroid": [
      1399.0491943359375,
      515.288818359375
    ]
  },
  "line2": {
    "abc": [
      -0.999192655085518,
      0.04017530754204547,
      557.6563282428793
    ],
    "p1": [
      558.106913020844,
      0.0
    ],
    "p2": [
      601.4910958580937,
      1079.0
    ],
    "inliers": 2129,
    "centroid": [
      582.302490234375,
      601.7637329101562
    ]
  }
}