{
  "image_size": {
    "w": 1920,
    "h": 1080
  },
  "line1": {
    "abc": [
      -0.9998443722714915,
      0.01764111593363905,
      1370.9651499477106
    ],
    "p1": [
      1371.1785433497919,
      0.0
    ],
    "p2": [
      1390.2162702403803,
      1079.0
    ],
    "inliers": 3146,
    "centroid": [
      1380.848388671875,
      548.0571899414062
    ]
  },
  "line2": {
    "abc": [
      -0.9991169571866534,
      0.042014889419036805,
      546.67633357078
    ],
    "p1": [
      547.1594988339797,
      0.0
    ],
    "p2": [
      592.5336318191647,
      1079.0
    ],
    "inliers": 2577,
    "centroid": [
      569.1036376953125,
      521.8331298828125
    ]
  }
}