{
  "image_size": {
    "w": 1920,
    "h": 1080
  },
  "line1": {
    "abc": [
      0.9998249411572948,
      -0.01870948076246298,
      -1388.8183502380277
    ],
    "p1": [
      1389.0615177397697,
      0.0
    ],
    "p2": [
      1409.2525821068282,
      1079.0
    ],
    "inliers": 3083,
    "centroid": [
      1399.12158203125,
      537.6046142578125
    ]
  },
  "line2": {
    "abc": [
      -0.9986186027516868,
      0.05254371091718187,
      539.0947997300085
    ],
    "p1": [
      539.8405339581462,
      0.0
    ],
    "p2": [
      596.6136242284631,
      1079.0
    ],
    "inliers": 2309,
    "centroid": [
      566.9337158203125,
      514.9190063476562
    ]
  }
}