{
  "image_size": {
    "w": 1920,
    "h": 1080
  },
  "line1": {
    "abc": [
      0.9998828172673716,
      -0.01530882529912848,
      -1383.9431387559976
    ],
    "p1": [
      1384.105332001047,
      0.0
    ],
    "p2": [
      1400.6254903761085,
      1079.0
    ],
    "inliers": 3109,
    "centroid": [
      1392.6561279296875,
      558.4879150390625
    ]
  },
  "line2": {
    "abc": [
      -0.9991316795339129,
      0.04166365042324668,
      549.0502332448845
    ],
    "p1": [
      549.5273991322266,
      0.0
    ],
    "p2": [
      594.5215472785994,
      1079.0
    ],
    "inliers": 2463,
    "centroid": [
      573.4965209960938,
      574.801025390625
    ]
  }
}