{
  "image_size": {
    "w": 1920,
    "h": 1080
  },
  "line1": {
    "abc": [
      -0.9998665451993479,
      0.016336750239117497,
      1384.3991287203426
    ],
    "p1": [
      1384.5839080897827,
      0.0
    ],
    "p2": [
      1402.2136143667271,
      1079.0
    ],
    "inliers": 3071,
    "centroid": [
      1393.59326171875,
      551.4041137695312
    ]
  },
  "line2": {
    "abc": [
      -0.9990680813779376,
      0.04316167533393358,
      546.9121445160132
    ],
    "p1": [
      547.4222975492315,
      0.0
    ],
    "p2": [
      594.0371865176409,
      1079.0
    ],
    "inliers": 2224,
    "centroid": [
      573.3394775390625,
      599.9078369140625
    ]
  }
}