{
  "image_size": {
    "w": 1920,
    "h": 1080
  },
  "line1": {
    "abc": [
      -0.9988766312589192,
      0.04738694429392844,
      545.6419207921535
    ],
    "p1": [
      546.255567221011,
      0.0
    ],
    "p2": [
      597.4435831311512,
      1079.0
    ],
    "inliers": 2396,
    "centroid": [
      572.1327514648438,
      545.4691162109375
    ]
  },
  "line2": {
    "abc": [
      0.9998142123212352,
      -0.01927640102801779,
      -1384.0316261791766
    ],
    "p1": [
      1384.2888099839236,
      0.0
    ],
    "p2": [
      1405.091911653125,
      1079.0
    ],
    "inliers": 2355,
    "centroid": [
      1394.91552734375,
      551.1787719726562
    ]
  }
}