{
  "image_size": {
    "w": 1920,
    "h": 1080
  },
  "line1": {
    "abc": [
      -0.9998394846906199,
      0.017916064709407056,
      1371.217864207233
    ],
    "p1": [
      1371.4380010022596,
      0.0
    ],
    "p2": [
      1390.772538312948,
      1079.0
    ],
    "inliers": 3241,
    "centroid": [
      1381.222412109375,
      546.037353515625
    ]
  },
  "line2": {
    "abc": [
      0.999128997324898,
      -0.04172880947585701,
      -547.6613622313096
    ],
    "p1": [
      548.1387925859791,
      0.0
    ],
    "p2": [
      593.2034294296722,
      1079.0
    ],
    "inliers": 2566,
    "centroid": [
      571.1707153320312,
      551.4622192382812
    ]
  }
}