{
  "image_size": {
    "w": 1920,
    "h": 1080
  },
  "line1": {
    "abc": [
      -0.9998269677152172,
      0.0186028778552823,
      1394.4003353771866
    ],
    "p1": [
      1394.6416534089292,
      0.0
    ],
    "p2": [
      1414.7176324072943,
      1079.0
    ],
    "inliers": 2942,
    "centroid": [
      1404.3548583984375,
      522.044189453125
    ]
  },
  "line2": {
    "abc": [
      -0.998448252676919,
      0.05568743497127686,
      540.1847699072941
    ],
    "p1": [
      541.0243029210737,
      0.0
    ],
    "p2": [
      601.2044296055667,
      1079.0
    ],
    "inliers": 2361,
    "centroid": [
      573.0902099609375,
      574.9259033203125
    ]
  }
}