{
  "image_size": {
    "w": 1920,
    "h": 1080
  },
  "line1": {
    "abc": [
      -0.9988336563100363,
      0.04828377440566956,
      541.9284924046227
    ],
    "p1": [
      542.5613053595473,
      0.0
    ],
    "p2": [
      594.7203332963735,
      1079.0
    ],
    "inliers": 2588,
    "centroid": [
      571.2202758789062,
      592.8605346679688
    ]
  },
  "line2": {
    "abc": [
      -0.999849796294166,
      0.01733141206203158,
      1388.0233361516537
    ],
    "p1": [
      1388.2318537206393,
      0.0
    ],
    "p2": [
      1406.935256656004,
      1079.0
    ],
    "inliers": 2538,
    "centroid": [
      1396.876220703125,
      498.69384765625
    ]
  }
}