{
  "image_size": {
    "w": 1920,
    "h": 1080
  },
  "line1": {
    "abc": [
      -0.9997442960729137,
      0.02261298336086396,
      1399.0956618394873
    ],
    "p1": [
      1399.4535075971546,
      0.0
    ],
    "p2": [
      1423.8591572639898,
      1079.0
    ],
    "inliers": 2442,
    "centroid": [
      1413.11181640625,
      603.8485107421875
    ]
  },
  "line2": {
    "abc": [
      -0.9987045526494529,
      0.05088435485953964,
      560.5346650031117
    ],
    "p1": [
      561.2617500501776,
      0.0
    ],
    "p2": [
      616.2371867274096,
      1079.0
    ],
    "inliers": 2297,
    "centroid": [
      585.006103515625,
      466.0291748046875
    ]
  }
}