{
  "image_size": {
    "w": 1920,
    "h": 1080
  },
  "line1": {
    "abc": [
      -0.9989975690831684,
      0.04476442188020044,
      543.8090801068151
    ],
    "p1": [
      544.3547581461052,
      0.0
    ],
    "p2": [
      592.704036165935,
      1079.0
    ],
    "inliers": 2734,
    "centroid": [
      569.8895263671875,
      569.8536987304688
    ]
  },
  "line2": {
    "abc": [
      0.9998221993436351,
      -0.0188572965562155,
      -1385.455768094084
    ],
    "p1": [
      1385.7021468453195,
      0.0
    ],
    "p2": [
      1406.052788186864,
      1079.0
    ],
    "inliers": 2642,
    "centroid": [
      1395.4136962890625,
      514.91064453125
    ]
  }
}