{
  "image_size": {
    "w": 1920,
    "h": 1080
  },
  "line1": {
    "abc": [
      -0.999822497366859,
      0.01884117908773922,
      1394.980028966119
    ],
    "p1": [
      1395.227685554136,
      0.0
    ],
    "p2": [
      1415.5609269937027,
      1079.0
    ],
    "inliers": 2566,
    "centroid": [
      1405.8048095703125,
      561.28369140625
    ]
  },
  "line2": {
    "abc": [
      -0.9981708526601345,
      0.06045603379601155,
      542.5787985400477
    ],
    "p1": [
      543.5730737819786,
      0.0
    ],
    "p2": [
      608.9246719498196,
      1079.0
    ],
    "inliers": 2121,
    "centroid": [
      575.2913818359375,
      523.691162109375
    ]
  }
}