{
  "image_size": {
    "w": 1920,
    "h": 1080
  },
  "line1": {
    "abc": [
      -0.9998013973226085,
      0.019929978996495342,
      1390.981771416226
    ],
    "p1": [
      1391.258078995657,
      0.0
    ],
    "p2": [
      1412.7667980220613,
      1079.0
    ],
    "inliers": 2599,
    "centroid": [
      1400.97265625,
      487.3385925292969
    ]
  },
  "line2": {
    "abc": [
      0.9988762736310506,
      -0.04739349335427313,
      -547.7718242962088
    ],
    "p1": [
      548.3880624223699,
      0.0
    ],
    "p2": [
      599.5831710451513,
      1079.0
    ],
    "inliers": 2576,
    "centroid": [
      574.1459350585938,
      542.87890625
    ]
  }
}