{
  "image_size": {
    "w": 1920,
    "h": 1080
  },
  "line1": {
    "abc": [
      -0.9997973442067638,
      0.020130248740295304,
      1395.1813478227361
    ],
    "p1": [
      1395.4641467163217,
      0.0
    ],
    "p2": [
      1417.189087792267,
      1079.0
    ],
    "inliers": 2502,
    "centroid": [
      1407.2857666015625,
      587.1375122070312
    ]
  },
  "line2": {
    "abc": [
      -0.9983331561078578,
      0.05771391093725155,
      549.4986800042323
    ],
    "p1": [
      550.41613778163,
      0.0
    ],
    "p2": [
      612.7934208762592,
      1079.0
    ],
    "inliers": 2154,
    "centroid": [
      575.6963500976562,
      437.29620361328125
    ]
  }
}