{
  "image_size": {
    "w": 1920,
    "h": 1080
  },
  "line1": {
    "abc": [
      -0.9998739361753001,
      0.0158769376575788,
      1391.848694610383
    ],
    "p1": [
      1392.0241785023998,
      0.0
    ],
    "p2": [
      1409.1575541337895,
      1079.0
    ],
    "inliers": 2778,
    "centroid": [
      1400.4571533203125,
      531.0792236328125
    ]
  },
  "line2": {
    "abc": [
      -0.9992306828488847,
      0.03921778127547157,
      559.3506662841841
    ],
    "p1": [
      559.7813156511884,
      0.0
    ],
    "p2": [
      602.1298811251665,
      1079.0
    ],
    "inliers": 2706,
    "centroid": [
      583.4929809570312,
      604.1500244140625
    ]
  }
}