{
  "image_size": {
    "w": 1920,
    "h": 1080
  },
  "line1": {
    "abc": [
      0.9998577237119212,
      -0.01686808653174144,
      -1396.1669037236832
    ],
    "p1": [
      1396.3655734342724,
      0.0
    ],
    "p2": [
      1414.5688286936108,
      1079.0
    ],
    "inliers": 2861,
    "centroid": [
      1405.5665283203125,
      545.3876342773438
    ]
  },
  "line2": {
    "abc": [
      -0.9982966780652552,
      0.058341585099638764,
      539.8163108888579
    ],
    "p1": [
      540.7373606962678,
      0.0
    ],
    "p2": [
      603.7953390564796,
      1079.0
    ],
    "inliers": 2046,
    "centroid": [
      572.8577880859375,
      549.6202392578125
    ]
  }
}