{
  "image_size": {
    "w": 1920,
    "h": 1080
  },
  "line1": {
    "abc": [
      -0.9998567700376048,
      0.016926150768978358,
      1375.8621565662077
    ],
    "p1": [
      1376.0592494807645,
      0.0
    ],
    "p2": [
      1394.3251823893756,
      1079.0
    ],
    "inliers": 3145,
    "centroid": [
      1384.5987548828125,
      504.4432373046875
    ]
  },
  "line2": {
    "abc": [
      -0.9989504814137958,
      0.04580297321076581,
      543.5848028050912
    ],
    "p1": [
      544.1559045406993,
      0.0
    ],
    "p2": [
      593.6292358158103,
      1079.0
    ],
    "inliers": 2405,
    "centroid": [
      570.9974975585938,
      585.4078979492188
    ]
  }
}