{
  "image_size": {
    "w": 1920,
    "h": 1080
  },
  "line1": {
    "abc": [
      -0.9998224377622142,
      0.01884468831120037,
      1387.4048617684875
    ],
    "p1": [
      1387.65125623081,
      0.0
    ],
    "p2": [
      1407.9882860071125,
      1079.0
    ],
    "inliers": 3019,
    "centroid": [
      1398.0848388671875,
      553.5634155273438
    ]
  },
  "line2": {
    "abc": [
      -0.9985775947560814,
      0.053317770361847004,
      539.7778977339335
    ],
    "p1": [
      540.5467743002815,
      0.0
    ],
    "p2": [
      598.158595877838,
      1079.0
    ],
    "inliers": 2242,
    "centroid": [
      568.6414184570312,
      526.1788330078125
    ]
  }
}