{
  "image_size": {
    "w": 1920,
    "h": 1080
  },
  "line1": {
    "abc": [
      -0.9998835921277537,
      0.015257668681427479,
      1385.6609622279043
    ],
    "p1": [
      1385.8222828511625,
      0.0
    ],
    "p2": [
      1402.2872240071895,
      1079.0
    ],
    "inliers": 3234,
    "centroid": [
      1394.1407470703125,
      545.1354370117188
    ]
  },
  "line2": {
    "abc": [
      -0.9991431236257098,
      0.04138868302102718,
      547.5485193978947
    ],
    "p1": [
      548.0181031631786,
      0.0
    ],
    "p2": [
      592.7147916792653,
      1079.0
    ],
    "inliers": 2158,
    "centroid": [
      571.6163330078125,
      569.6728515625
    ]
  }
}