{
  "image_size": {
    "w": 1920,
    "h": 1080
  },
  "line1": {
    "abc": [
      -0.9998589158048167,
      0.016797548159940133,
      1391.4506720936583
    ],
    "p1": [
      1391.647011492254,
      0.0
    ],
    "p2": [
      1409.7741234058246,
      1079.0
    ],
    "inliers": 2619,
    "centroid": [
      1399.6842041015625,
      478.4066467285156
    ]
  },
  "line2": {
    "abc": [
      -0.999084413050606,
      0.04278309643264307,
      551.503140321746
    ],
    "p1": [
      552.0085521480465,
      0.0
    ],
    "p2": [
      598.2138181374015,
      1079.0
    ],
    "inliers": 2445,
    "centroid": [
      576.6748657226562,
      576.0155639648438
    ]
  }
}