{
  "image_size": {
    "w": 1920,
    "h": 1080
  },
  "line1": {
    "abc": [
      0.9998562335958018,
      -0.01695614866910669,
      -1382.1204330830153
    ],
    "p1": [
      1382.3191641386977,
      0.0
    ],
    "p2": [
      1400.6174792356285,
      1079.0
    ],
    "inliers": 3226,
    "centroid": [
      1391.23779296875,
      525.9063720703125
    ]
  },
  "line2": {
    "abc": [
      0.9991387724866412,
      -0.041493296623188486,
      -547.9978978363847
    ],
    "p1": [
      548.4702555106894,
      0.0
    ],
    "p2": [
      593.2801140501538,
      1079.0
    ],
    "inliers": 2426,
    "centroid": [
      572.7799072265625,
      585.3648071289062
    ]
  }
}