{
  "image_size": {
    "w": 1920,
    "h": 1080
  },
  "line1": {
    "abc": [
      0.9998904466619029,
      -0.014800342731163004,
      -1389.57479673731
    ],
    "p1": [
      1389.7270459742404,
      0.0
    ],
    "p2": [
      1405.6983654925323,
      1079.0
    ],
    "inliers": 2721,
    "centroid": [
      1397.47265625,
      523.2825927734375
    ]
  },
  "line2": {
    "abc": [
      -0.9991430044164202,
      0.04139184206720027,
      556.5167247526324
    ],
    "p1": [
      556.9940662074523,
      0.0
    ],
    "p2": [
      601.6941715908605,
      1079.0
    ],
    "inliers": 2294,
    "centroid": [
      583.0697631835938,
      629.4320068359375
    ]
  }
}