{
  "image_size": {
    "w": 1920,
    "h": 1080
  },
  "line1": {
    "abc": [
      -0.9998882412900462,
      0.014951313845798321,
      1382.7674269304828
    ],
    "p1": [
      1382.921980506991,
      0.0
    ],
    "p2": [
      1399.0562512918964,
      1079.0
    ],
    "inliers": 2999,
    "centroid": [
      1390.91796875,
      534.741943359375
    ]
  },
  "line2": {
    "abc": [
      -0.9990001916875385,
      0.04470634460444748,
      545.8318606857281
    ],
    "p1": [
      546.3781340859344,
      0.0
    ],
    "p2": [
      594.6645570812229,
      1079.0
    ],
    "inliers": 2682,
    "centroid": [
      573.492919921875,
      605.9022827148438
    ]
  }
}