{
  "image_size": {
    "w": 1920,
    "h": 1080
  },
  "line1": {
    "abc": [
      0.9998666644086375,
      -0.016328893601878048,
      -1375.283272002516
    ],
    "p1": [
      1375.4666706644484,
      0.0
    ],
    "p2": [
      1393.0878963974287,
      1079.0
    ],
    "inliers": 3294,
    "centroid": [
      1384.0440673828125,
      525.219482421875
    ]
  },
  "line2": {
    "abc": [
      -0.998815953730538,
      0.04864865541453264,
      539.8757059368185
    ],
    "p1": [
      540.5157015368087,
      0.0
    ],
    "p2": [
      593.0698272455797,
      1079.0
    ],
    "inliers": 2696,
    "centroid": [
      564.5574951171875,
      493.6072082519531
    ]
  }
}