{
  "image_size": {
    "w": 1920,
    "h": 1080
  },
  "line1": {
    "abc": [
      0.9998664855947031,
      -0.01634063757954394,
      -1390.4971001543906
    ],
    "p1": [
      1390.68277633823,
      0.0
    ],
    "p2": [
      1408.3166786665402,
      1079.0
    ],
    "inliers": 2817,
    "centroid": [
      1399.860107421875,
      561.55126953125
    ]
  },
  "line2": {
    "abc": [
      0.9986110925664452,
      -0.05268625915045237,
      -543.5888189154405
    ],
    "p1": [
      544.3448635428325,
      0.0
    ],
    "p2": [
      601.2724042506337,
      1079.0
    ],
    "inliers": 2164,
    "centroid": [
      572.7232055664062,
      537.8807983398438
    ]
  }
}