{
  "image_size": {
    "w": 1920,
    "h": 1080
  },
  "line1": {
    "abc": [
      0.9998123049726024,
      -0.019372973591069875,
      -1389.5277414638194
    ],
    "p1": [
      1389.788597872774,
      0.0
    ],
    "p2": [
      1410.6959605855557,
      1079.0
    ],
    "inliers": 3028,
    "centroid": [
      1400.502685546875,
      552.939208984375
    ]
  },
  "line2": {
    "abc": [
      -0.9986256360997703,
      0.0524100288748217,
      544.063555472377
    ],
    "p1": [
      544.8123258654466,
      0.0
    ],
    "p2": [
      601.4405748425064,
      1079.0
    ],
    "inliers": 2155,
    "centroid": [
      574.0115966796875,
      556.3656616210938
    ]
  }
}